"Date","Price","Open","High","Low","Vol.","Change %"
"04/16/2025","10.7977","10.7977","10.7977","10.7977","","-0.02%"
"04/15/2025","10.8000","10.8550","10.9300","10.8200","","-0.18%"
"04/14/2025","10.8200","10.9300","10.9300","10.8450","","0.00%"
"04/11/2025","10.8200","10.8800","10.9300","10.8400","","0.00%"
"04/10/2025","10.8200","10.9300","10.9300","10.8400","","0.00%"
"04/09/2025","10.8200","10.8800","10.9300","10.8400","","-0.28%"
"04/08/2025","10.8500","10.9300","10.9300","10.8500","","0.28%"
"04/07/2025","10.8200","10.9300","10.9300","10.8300","","-0.28%"
"04/04/2025","10.8500","10.9300","10.9300","10.8300","","0.00%"
"04/03/2025","10.8500","10.9300","10.9300","10.8600","","0.00%"
"04/02/2025","10.8500","10.8800","10.9349","10.8600","","0.00%"
"04/01/2025","10.8500","10.8800","10.9550","10.8600","","0.00%"
"03/31/2025","10.8500","10.8700","10.8850","10.8650","","-0.46%"
"03/28/2025","10.9000","10.9300","10.9550","10.8650","","0.00%"
"03/27/2025","10.9000","10.9300","10.9550","10.8750","","0.46%"
"03/26/2025","10.8500","10.9300","10.9300","10.8900","","-0.09%"
"03/25/2025","10.8600","10.9300","10.9300","10.8850","","0.09%"
"03/24/2025","10.8500","10.8950","10.9300","10.8950","","-0.46%"
"03/21/2025","10.9000","10.9250","10.9250","10.9250","","0.37%"
"03/20/2025","10.8600","10.9000","10.9550","10.8800","","0.09%"
"03/19/2025","10.8500","10.9300","10.9450","10.8800","","0.00%"
"03/18/2025","10.8500","10.9300","10.9593","10.8900","","0.00%"
"03/17/2025","10.8500","10.9000","10.9456","10.8900","","0.00%"
"03/14/2025","10.8500","10.9300","10.9456","10.8900","","0.00%"
"03/13/2025","10.8500","10.9300","10.9400","10.8900","","0.00%"
"03/12/2025","10.8500","10.9000","10.9300","10.8900","","0.00%"
"03/11/2025","10.8500","10.9300","10.9300","10.8900","","-0.09%"
"03/10/2025","10.8600","10.9250","10.9300","10.9000","","-0.37%"
"03/07/2025","10.9000","10.9000","10.9300","10.8900","","0.00%"
"03/06/2025","10.9000","10.9000","10.9300","10.8900","","0.46%"
"03/05/2025","10.8500","10.9300","10.9516","10.8900","","0.09%"
"03/04/2025","10.8400","10.9000","10.9550","10.8800","","0.09%"
"03/03/2025","10.8300","10.9300","10.9550","10.8800","","-0.28%"
"02/28/2025","10.8600","10.9300","10.9550","10.8800","","0.09%"
"02/27/2025","10.8500","10.9300","10.9550","10.8900","","0.00%"
"02/26/2025","10.8500","10.9150","10.9550","10.8900","","0.00%"
"02/25/2025","10.8500","10.9300","10.9550","10.8900","","-0.18%"
"02/24/2025","10.8700","10.9300","10.9550","10.9000","","0.18%"
"02/21/2025","10.8500","10.9450","10.9550","10.9000","","-0.46%"
"02/20/2025","10.9000","10.9250","10.9600","10.9000","","0.46%"
"02/19/2025","10.8500","10.9000","10.9600","10.9000","","0.00%"
"02/18/2025","10.8500","10.9450","10.9600","10.9000","","0.00%"
"02/17/2025","10.8500","10.9250","10.9600","10.9000","","0.00%"
"02/14/2025","10.8500","10.9050","10.9600","10.9000","","0.00%"
"02/13/2025","10.8500","10.9100","10.9600","10.9000","","0.00%"
"02/12/2025","10.8500","10.9100","10.9600","10.9000","","-0.46%"
"02/11/2025","10.9000","10.9100","10.9600","10.9000","","0.46%"
"02/10/2025","10.8500","10.9100","10.9600","10.9000","","0.00%"
"02/07/2025","10.8500","10.9100","10.9550","10.9000","","-0.18%"
"02/06/2025","10.8700","10.9100","10.9550","10.9000","","0.00%"
"02/05/2025","10.8700","10.9300","10.9550","10.9000","","0.18%"
"02/04/2025","10.8500","10.9450","10.9550","10.8800","","0.00%"
"02/03/2025","10.8500","10.9000","10.9550","10.8800","","0.18%"
"01/31/2025","10.8300","10.9000","10.9550","10.8528","","-0.18%"
"01/30/2025","10.8500","10.9400","10.9550","10.8527","","-0.73%"
"01/29/2025","10.9300","10.9300","10.9550","10.8717","","0.74%"
"01/28/2025","10.8500","10.9400","10.9550","10.8995","","-0.18%"
"01/27/2025","10.8700","10.9000","10.9550","10.8985","","-0.46%"
"01/24/2025","10.9200","10.9250","10.9550","10.8858","","0.18%"
"01/23/2025","10.9000","10.9000","10.9550","10.8858","","-0.27%"
"01/22/2025","10.9300","10.9000","10.9550","10.8956","","0.74%"
"01/21/2025","10.8500","10.9000","10.9550","10.8905","","-0.18%"
"01/20/2025","10.8700","10.9000","10.9550","10.9000","","0.18%"
"01/17/2025","10.8500","10.9000","10.9550","10.8950","","0.00%"
"01/16/2025","10.8500","10.9250","10.9500","10.8950","","-0.46%"
"01/15/2025","10.9000","10.9000","10.9550","10.9000","","0.00%"
"01/14/2025","10.9000","10.9300","10.9550","10.8950","","0.00%"
"01/13/2025","10.9000","10.9000","10.9550","10.8950","","0.46%"
"01/10/2025","10.8500","10.9400","10.9550","10.8950","","-0.46%"
"01/09/2025","10.9000","10.9000","10.9550","10.8950","","0.00%"
"01/08/2025","10.9000","10.9000","10.9550","10.9000","","0.46%"
"01/07/2025","10.8500","10.9550","10.9550","10.8900","","0.00%"
"01/06/2025","10.8500","10.9000","10.9550","10.8950","","0.00%"
"01/03/2025","10.8500","10.9000","10.9550","10.8800","","-0.37%"
"01/02/2025","10.8900","10.9250","10.9400","10.9000","","-0.09%"
"01/01/2025","10.9000","10.9250","10.9250","10.9250","","0.46%"
"12/31/2024","10.8500","10.9000","10.9400","10.9000","","0.00%"
"12/30/2024","10.8500","10.9000","10.9250","10.8950","","-0.46%"
"12/27/2024","10.9000","10.9250","10.9400","10.9000","","0.00%"
"12/26/2024","10.9000","10.9000","10.9400","10.8950","","0.46%"
"12/25/2024","10.8500","10.9150","10.9400","10.8950","","0.00%"
"12/24/2024","10.8500","10.9350","10.9500","10.8950","","-0.46%"
"12/23/2024","10.9000","10.9000","10.9500","10.8950","","0.46%"
"12/20/2024","10.8500","10.9150","10.9500","10.8850","","-0.18%"
"12/19/2024","10.8700","10.9000","10.9500","10.8850","","-0.46%"
"12/18/2024","10.9200","10.9000","10.9350","10.8850","","0.65%"
"12/17/2024","10.8500","10.9000","10.9350","10.8800","","0.00%"
"12/16/2024","10.8500","10.9000","10.9350","10.6400","","-0.46%"
"12/13/2024","10.9000","10.9000","10.9400","10.8800","","0.46%"
"12/12/2024","10.8500","10.8750","10.9550","10.8700","","0.00%"
"12/11/2024","10.8500","10.9000","10.9500","10.8750","","0.00%"
"12/10/2024","10.8500","10.9000","10.9500","10.9000","","0.00%"
"12/09/2024","10.8500","10.9500","10.9500","10.8750","","-0.46%"
"12/06/2024","10.9000","10.9000","10.9500","10.8500","","0.00%"
"12/05/2024","10.9000","10.9100","10.9400","10.8700","","0.37%"
"12/04/2024","10.8600","10.9000","10.9350","10.8700","","0.37%"
"12/03/2024","10.8200","10.9000","10.9350","10.8600","","0.19%"
"12/02/2024","10.8000","10.9000","10.9400","10.8250","","0.00%"
"11/29/2024","10.8000","10.7000","10.9400","10.7000","","-0.46%"
"11/28/2024","10.8500","10.6500","10.9500","10.6500","","1.40%"
"11/27/2024","10.7000","10.6500","10.7400","10.6350","","0.66%"
"11/26/2024","10.6300","10.6700","10.6950","10.6350","","0.00%"
"11/25/2024","10.6300","10.6500","10.6800","10.6250","","0.47%"
"11/22/2024","10.5800","10.6500","10.6750","10.6250","","0.00%"
"11/21/2024","10.5800","10.6500","10.6750","10.6250","","-0.28%"
"11/20/2024","10.6100","10.6300","10.6750","10.6250","","0.28%"
"11/19/2024","10.5800","10.6300","10.6750","10.6250","","0.00%"
"11/18/2024","10.5800","10.6500","10.6750","10.6200","","-0.38%"
"11/15/2024","10.6200","10.6300","10.6750","10.6250","","0.19%"
"11/14/2024","10.6000","10.6300","10.6750","10.6250","","0.19%"
"11/13/2024","10.5800","10.6350","10.6750","10.6200","","0.00%"
"11/12/2024","10.5800","10.6300","10.6750","10.6200","","-0.66%"
"11/11/2024","10.6500","10.6450","10.6750","10.6150","","0.28%"
"11/08/2024","10.6200","10.6600","10.6750","10.6150","","0.38%"
"11/07/2024","10.5800","10.6550","10.6750","10.6250","","-0.19%"
"11/06/2024","10.6000","10.6500","10.6500","10.6500","","0.00%"
"11/05/2024","10.6000","10.6400","10.6750","10.6250","","-0.47%"
"11/04/2024","10.6500","10.6350","10.6750","10.6225","","0.66%"
"11/01/2024","10.5800","10.6400","10.6750","10.6250","","0.00%"
"10/31/2024","10.5800","10.6350","10.6750","10.6250","","-0.19%"
"10/30/2024","10.6000","10.6400","10.6750","10.6300","","0.00%"
"10/29/2024","10.6000","10.6300","10.6750","10.6150","","0.00%"
"10/28/2024","10.6000","10.6550","10.6750","10.6100","","0.28%"
"10/25/2024","10.5700","10.6650","10.6750","10.6100","","-0.47%"
"10/24/2024","10.6200","10.6550","10.6750","10.6100","","0.09%"
"10/23/2024","10.6100","10.6500","10.6650","10.6100","","0.38%"
"10/22/2024","10.5700","10.6200","10.6750","10.6100","","0.00%"
"10/21/2024","10.5700","10.6650","10.6750","10.6100","","0.00%"
"10/18/2024","10.5700","10.6450","10.6750","10.6100","","-0.38%"
"10/17/2024","10.6100","10.6500","10.6750","10.6100","","0.09%"
"10/16/2024","10.6000","10.6350","10.6750","10.6100","","-0.47%"
"10/15/2024","10.6500","10.6200","10.6750","10.6000","","0.47%"
"10/14/2024","10.6000","10.6450","10.6750","10.6050","","-0.19%"
"10/11/2024","10.6200","10.6500","10.6750","10.6050","","0.19%"
"10/10/2024","10.6000","10.6500","10.6750","10.6050","","0.00%"
"10/09/2024","10.6000","10.6200","10.6750","10.6000","","0.00%"
"10/08/2024","10.6000","10.6500","10.6650","10.6000","","0.00%"
"10/07/2024","10.6000","10.6250","10.6650","10.6000","","0.00%"
"10/04/2024","10.6000","10.6500","10.6650","10.6000","","0.00%"
"10/03/2024","10.6000","10.6450","10.6650","10.5950","","0.19%"
"10/02/2024","10.5800","10.6275","10.6650","10.5950","","-0.19%"
"10/01/2024","10.6000","10.6300","10.6650","10.5950","","0.00%"
"09/30/2024","10.6000","10.6100","10.6650","10.5950","","0.00%"
"09/27/2024","10.6000","10.6300","10.6650","10.5950","","0.00%"
"09/26/2024","10.6000","10.6500","10.6650","10.6000","","0.00%"
"09/25/2024","10.6000","10.6500","10.6650","10.6000","","0.00%"
"09/24/2024","10.6000","10.6500","10.6650","10.6000","","0.00%"
"09/23/2024","10.6000","10.6450","10.6650","10.6050","","0.00%"
"09/20/2024","10.6000","10.6500","10.6650","10.6000","","0.00%"
"09/19/2024","10.6000","10.6500","10.6650","10.6000","","0.00%"
"09/18/2024","10.6000","10.6450","10.6650","10.6050","","0.00%"
"09/17/2024","10.6000","10.6300","10.6700","10.6150","","0.00%"
"09/16/2024","10.6000","10.6600","10.6700","10.6150","","0.00%"
"09/13/2024","10.6000","10.6550","10.6650","10.6100","","0.00%"
"09/12/2024","10.6000","10.6600","10.6750","10.6100","","0.00%"
"09/11/2024","10.6000","10.6450","10.6650","10.6100","","0.00%"
"09/10/2024","10.6000","10.6600","10.6700","10.6050","","-0.28%"
"09/09/2024","10.6300","10.6550","10.6550","10.6550","","0.28%"
"09/06/2024","10.6000","10.6600","10.6950","10.6050","","0.00%"
"09/05/2024","10.6000","10.6550","10.7000","10.6150","","-0.19%"
"09/04/2024","10.6200","10.6600","10.7000","10.6150","","0.19%"
"09/03/2024","10.6000","10.6600","10.7000","10.6200","","-0.19%"
"09/02/2024","10.6200","10.6600","10.7000","10.6200","","0.00%"
"08/30/2024","10.6200","10.6600","10.7000","10.6250","","0.00%"
"08/29/2024","10.6200","10.6500","10.7000","10.6250","","0.19%"
"08/28/2024","10.6000","10.6600","10.6850","10.6250","","-0.09%"
"08/27/2024","10.6100","10.6500","10.6950","10.6250","","0.09%"
"08/26/2024","10.6000","10.6500","10.6950","10.6500","","0.19%"
"08/23/2024","10.5800","10.6500","10.6850","10.6150","","-0.47%"
"08/22/2024","10.6300","10.6500","10.6850","10.6250","","0.28%"
"08/21/2024","10.6000","10.6550","10.6800","10.6250","","0.09%"
"08/20/2024","10.5900","10.6500","10.6650","10.5500","","-0.09%"
"08/19/2024","10.6000","10.6550","10.6800","10.6000","","-0.28%"
"08/16/2024","10.6300","10.6400","10.6800","10.5850","","0.28%"
"08/15/2024","10.6000","10.6150","10.6650","10.5500","","0.28%"
"08/14/2024","10.5700","10.6000","10.6500","10.5500","","-0.19%"
"08/13/2024","10.5900","10.5550","10.7850","10.5300","","0.67%"
"08/12/2024","10.5200","10.5500","10.6000","10.5400","","0.00%"
"08/09/2024","10.5200","10.5400","10.5900","10.5200","","0.19%"
"08/08/2024","10.5000","10.5400","10.5800","10.5250","","0.19%"
"08/07/2024","10.4800","10.5650","10.6500","10.5300","","0.00%"
"08/06/2024","10.4800","10.6000","10.6000","10.5200","","-0.19%"
"08/05/2024","10.5000","10.5775","10.6000","10.5400","","-0.57%"
"08/02/2024","10.5600","10.5850","10.6250","10.5500","","0.19%"
"08/01/2024","10.5400","10.5800","10.6500","10.5650","","-0.09%"
"07/31/2024","10.5500","10.6500","10.6500","10.5750","","-0.47%"
"07/30/2024","10.6000","10.6300","10.6500","10.5700","","0.19%"
"07/29/2024","10.5800","10.6050","10.6500","10.5700","","-0.19%"
"07/26/2024","10.6000","10.6500","10.6650","10.5700","","0.00%"
"07/25/2024","10.6000","10.6500","10.6700","10.6100","","0.00%"
"07/24/2024","10.6000","10.6500","10.6700","10.6150","","0.00%"
"07/23/2024","10.6000","10.6300","10.6700","10.6300","","0.00%"
"07/22/2024","10.6000","10.6200","10.6700","10.6200","","0.00%"
"07/19/2024","10.6000","10.6200","10.6700","10.6150","","0.00%"
"07/18/2024","10.6000","10.6250","10.6700","10.6250","","0.00%"
"07/17/2024","10.6000","10.6650","10.6700","10.6200","","-0.14%"
"07/16/2024","10.6150","10.6250","10.6700","10.6200","","0.14%"
"07/15/2024","10.6000","10.6250","10.6700","10.6200","","0.00%"
"07/12/2024","10.6000","10.6350","10.6700","10.6200","","0.00%"
"07/11/2024","10.6000","10.6500","10.6700","10.6150","","0.00%"
"07/10/2024","10.6000","10.6650","10.6750","10.6100","","0.00%"
"07/09/2024","10.6000","10.6500","10.7000","10.6300","","0.00%"
"07/08/2024","10.6000","10.6550","10.7100","10.6350","","0.00%"
"07/05/2024","10.6000","10.7050","10.7100","10.6300","","0.00%"
"07/04/2024","10.6000","10.6650","10.7050","10.6300","","-0.56%"
"07/03/2024","10.6600","10.6500","10.7050","10.6400","","0.57%"
"07/02/2024","10.6000","10.6750","10.6850","10.6350","","0.00%"
"07/01/2024","10.6000","10.6500","10.7050","10.6250","","0.19%"
"06/28/2024","10.5800","10.6300","10.7000","10.6250","","-0.38%"
"06/27/2024","10.6200","10.6500","10.6650","10.6250","","0.19%"
"06/26/2024","10.6000","10.6500","10.7000","10.6250","","-0.47%"
"06/25/2024","10.6500","10.7000","10.8650","10.6400","","0.47%"
"06/24/2024","10.6000","10.6550","10.7500","10.6400","","0.00%"
"06/21/2024","10.6000","10.6550","10.7650","10.6000","","0.19%"
"06/20/2024","10.5800","10.6950","10.6950","10.5350","","-0.66%"
"06/19/2024","10.6500","10.7100","10.7650","10.5500","","-0.47%"
"06/18/2024","10.7000","10.7300","10.8650","10.6850","","-0.57%"
"06/17/2024","10.7617","10.6858","10.7617","10.6858","","0.11%"
"06/14/2024","10.7500","10.7150","10.8000","10.6450","","0.00%"
"06/13/2024","10.7500","10.6950","10.8000","10.6250","","0.84%"
"06/12/2024","10.6600","10.7100","10.7100","10.6350","","0.19%"
"06/11/2024","10.6400","10.6950","10.7150","10.6450","","-0.37%"
"06/10/2024","10.6800","10.6950","10.7300","10.6450","","-0.19%"
"06/07/2024","10.7000","10.7200","10.7450","10.6700","","0.28%"
"06/06/2024","10.6700","10.7400","10.7500","10.6850","","-0.47%"
"06/05/2024","10.7200","10.7100","10.7500","10.6950","","0.19%"
"06/04/2024","10.7000","10.7300","10.7600","10.7050","","0.00%"
"06/03/2024","10.7000","10.7150","10.7850","10.7000","","0.00%"
"05/31/2024","10.7000","10.7250","10.7700","10.7100","","0.00%"
"05/30/2024","10.7000","10.7700","10.7700","10.7100","","-0.19%"
"05/29/2024","10.7200","10.8050","10.9250","10.7150","","-0.28%"
"05/28/2024","10.7500","10.8100","10.8100","10.7100","","-0.28%"
"05/27/2024","10.7800","10.7750","10.8100","10.7450","","0.09%"
"05/24/2024","10.7700","10.7850","10.8550","10.7550","","-0.09%"
"05/23/2024","10.7800","10.8050","10.8650","10.7600","","-0.37%"
"05/22/2024","10.8200","10.8650","10.8750","10.7850","","-0.09%"
"05/21/2024","10.8300","10.8500","10.9100","10.8000","","0.28%"
"05/20/2024","10.8000","10.8550","10.9100","10.8250","","0.00%"
"05/17/2024","10.8000","10.8800","10.9850","10.8300","","-0.28%"
"05/16/2024","10.8300","10.9000","10.9200","10.8550","","-0.46%"
"05/15/2024","10.8800","10.8900","10.9150","10.8750","","0.00%"
"05/14/2024","10.8800","10.8950","10.9200","10.8750","","0.00%"
"05/13/2024","10.8800","10.8950","10.9200","10.8900","","-0.36%"
"05/10/2024","10.9195","10.9220","10.9220","10.8750","","-0.02%"
"05/09/2024","10.9220","10.9127","10.9220","10.9127","","0.20%"
"05/08/2024","10.9000","10.9200","10.9250","10.8900","","0.28%"
"05/07/2024","10.8700","10.9200","10.9250","10.8950","","-0.28%"
"05/06/2024","10.9000","10.9200","10.9250","10.9000","","0.00%"
"05/03/2024","10.9000","10.9150","10.9350","10.9000","","0.00%"
"05/02/2024","10.9000","10.9200","10.9350","10.9000","","0.00%"
"05/01/2024","10.9000","10.9150","10.9350","10.9050","","0.00%"
"04/30/2024","10.9000","10.9200","10.9350","10.9000","","-0.18%"
"04/29/2024","10.9200","10.9200","10.9700","10.8750","","0.18%"
"04/26/2024","10.9000","10.9225","10.9500","10.9000","","0.00%"
"04/25/2024","10.9000","10.9200","10.9500","10.9050","","-0.27%"
"04/24/2024","10.9300","10.9500","10.9800","10.8850","","0.28%"
"04/23/2024","10.9000","10.9350","10.9500","10.9075","","0.00%"
"04/22/2024","10.9000","10.9100","10.9500","10.9050","","-0.27%"
"04/19/2024","10.9300","10.9200","10.9700","10.9040","","0.28%"
"04/18/2024","10.9000","10.9100","10.9650","10.8650","","0.00%"
"04/17/2024","10.9000","10.9350","10.9500","10.9050","","0.09%"
"04/16/2024","10.8900","10.9050","10.9500","10.9050","","-0.09%"
"04/15/2024","10.9000","10.9300","10.9600","10.9050","","-0.18%"
"04/12/2024","10.9200","10.9600","10.9600","10.9150","","0.00%"
"04/11/2024","10.9200","10.9400","10.9550","10.9200","","-0.37%"
"04/10/2024","10.9607","10.9495","10.9607","10.9495","","0.37%"
"04/09/2024","10.9200","10.9500","10.9600","10.9100","","0.00%"
"04/08/2024","10.9200","10.9500","10.9700","10.9250","","-0.27%"
"04/05/2024","10.9500","10.9600","10.9700","10.9300","","0.27%"
"04/04/2024","10.9200","10.9600","10.9650","10.9300","","0.00%"
"04/03/2024","10.9200","10.9500","10.9700","10.9300","","0.00%"
"04/02/2024","10.9200","10.9400","10.9700","10.9200","","0.00%"
"04/01/2024","10.9200","10.9500","10.9650","10.9300","","0.00%"
"03/29/2024","10.9200","10.9600","10.9700","10.9300","","0.00%"
"03/28/2024","10.9200","10.9600","10.9700","10.9300","","0.00%"
"03/27/2024","10.9200","10.9500","10.9700","10.9200","","-0.09%"
"03/26/2024","10.9300","10.9600","10.9850","10.9400","","-0.09%"
"03/25/2024","10.9400","10.9600","10.9700","10.9200","","0.09%"
"03/22/2024","10.9300","10.9550","10.9550","10.9550","","-0.26%"
"03/21/2024","10.9580","10.9613","10.9613","10.8673","","0.16%"
"03/20/2024","10.9400","10.9600","10.9700","10.9300","","0.00%"
"03/19/2024","10.9400","10.9600","10.9700","10.9300","","0.18%"
"03/18/2024","10.9200","10.9600","10.9750","10.9300","","-0.18%"
"03/15/2024","10.9400","10.9550","10.9750","10.9300","","0.18%"
"03/14/2024","10.9200","10.9600","10.9750","10.9300","","0.00%"
"03/13/2024","10.9200","10.9500","10.9750","10.9200","","0.09%"
"03/12/2024","10.9100","10.9500","11.0300","10.9300","","-0.59%"
"03/11/2024","10.9750","10.9550","11.0050","10.9150","","0.20%"
"03/08/2024","10.9534","10.9069","10.9534","10.9010","","0.31%"
"03/07/2024","10.9200","10.9550","10.9750","10.9400","","-0.09%"
"03/06/2024","10.9300","10.9550","10.9750","10.9300","","0.18%"
"03/05/2024","10.9100","10.9550","10.9750","10.9400","","-0.18%"
"03/04/2024","10.9300","10.9500","10.9750","10.9400","","-0.09%"
"03/01/2024","10.9400","10.9500","10.9750","10.9400","","0.18%"
"02/29/2024","10.9200","10.9500","10.9800","10.9400","","-0.36%"
"02/28/2024","10.9600","10.9500","10.9750","10.9400","","0.37%"
"02/27/2024","10.9200","10.9500","10.9750","10.9400","","-0.27%"
"02/26/2024","10.9500","10.9550","10.9700","10.9400","","0.27%"
"02/23/2024","10.9200","10.9200","10.9700","10.9200","","0.18%"
"02/22/2024","10.9000","10.9500","11.0100","10.9200","","0.00%"
"02/21/2024","10.9000","10.9200","11.0100","10.9200","","0.00%"
"02/20/2024","10.9000","10.9200","11.0000","10.9200","","-0.46%"
"02/19/2024","10.9500","10.9550","10.9650","10.9200","","0.18%"
"02/16/2024","10.9300","10.9200","10.9650","10.9150","","0.28%"
"02/15/2024","10.9000","10.9600","11.0000","10.9150","","0.00%"
"02/14/2024","10.9000","10.9200","11.0000","10.9050","","-0.27%"
"02/13/2024","10.9300","10.9450","10.9700","10.9100","","0.46%"
"02/12/2024","10.8800","10.9450","10.9900","10.9050","","-0.46%"
"02/09/2024","10.9300","10.9200","10.9600","10.9150","","0.28%"
"02/08/2024","10.9000","10.9200","10.9850","10.9050","","0.00%"
"02/07/2024","10.9000","10.9200","10.9900","10.9050","","0.00%"
"02/06/2024","10.9000","10.9200","10.9900","10.9150","","0.00%"
"02/05/2024","10.9000","10.9350","10.9450","10.9100","","0.00%"
"02/02/2024","10.9000","10.9450","10.9450","10.9050","","-0.27%"
"02/01/2024","10.9300","10.9200","10.9450","10.9000","","0.28%"
"01/31/2024","10.9000","10.9200","10.9400","10.9000","","0.00%"
"01/30/2024","10.9000","10.9250","10.9850","10.9000","","0.00%"
"01/29/2024","10.9000","10.9150","10.9400","10.8950","","0.00%"
"01/26/2024","10.9000","10.9350","10.9800","10.8950","","0.18%"
"01/25/2024","10.8800","10.9250","10.9350","10.8950","","-0.18%"
"01/24/2024","10.9000","10.9250","10.9350","10.8950","","-0.09%"
"01/23/2024","10.9100","10.9250","10.9350","10.8900","","0.28%"
"01/22/2024","10.8800","10.9200","10.9800","10.8950","","0.00%"
"01/19/2024","10.8800","10.9250","10.9350","10.8950","","-0.18%"
"01/18/2024","10.9000","10.9250","10.9450","10.8950","","0.18%"
"01/17/2024","10.8800","10.9150","10.9450","10.8950","","-0.18%"
"01/16/2024","10.9000","10.9250","11.0000","10.9000","","-0.46%"
"01/15/2024","10.9500","10.9300","10.9750","10.9100","","0.46%"
"01/12/2024","10.9000","10.9450","11.0000","10.9150","","0.00%"
"01/11/2024","10.9000","10.9250","11.0000","10.9150","","-0.09%"
"01/10/2024","10.9100","10.9650","10.9800","10.9200","","0.00%"
"01/09/2024","10.9100","10.9700","10.9800","10.9100","","0.00%"
"01/08/2024","10.9100","10.9650","10.9750","10.9100","","0.09%"
"01/05/2024","10.9000","10.9250","10.9700","10.9150","","0.00%"
"01/04/2024","10.9000","10.9250","10.9700","10.9000","","0.00%"
"01/03/2024","10.9000","10.9350","10.9650","10.9000","","0.00%"
"01/02/2024","10.9000","10.9350","10.9650","10.9000","","-0.69%"
"01/01/2024","10.9757","10.9658","10.9817","10.9658","","0.42%"
"12/29/2023","10.9300","10.9250","10.9500","10.9000","","0.28%"
"12/28/2023","10.9000","10.9250","10.9750","10.9000","","-0.27%"
"12/27/2023","10.9300","10.9350","10.9500","10.9000","","0.18%"
"12/26/2023","10.9100","10.9250","10.9450","10.9000","","0.00%"
"12/25/2023","10.9100","10.9350","10.9450","10.9000","","0.09%"
"12/22/2023","10.9000","10.9350","10.9450","10.9000","","-0.09%"
"12/21/2023","10.9100","10.9250","10.9450","10.9000","","0.00%"
"12/20/2023","10.9100","10.9350","10.9450","10.9000","","0.00%"
"12/19/2023","10.9100","10.9350","10.9450","10.9000","","0.09%"
"12/18/2023","10.9000","10.9300","10.9450","10.9050","","0.00%"
"12/15/2023","10.9000","10.9250","10.9450","10.9000","","-0.09%"
"12/14/2023","10.9100","10.9250","10.9450","10.9000","","0.00%"
"12/13/2023","10.9100","10.9250","10.9450","10.9000","","-0.09%"
"12/12/2023","10.9200","10.9250","10.9450","10.9000","","0.18%"
"12/11/2023","10.9000","10.9350","10.9450","10.9000","","0.00%"
"12/08/2023","10.9000","10.9350","10.9450","10.9000","","-0.09%"
"12/07/2023","10.9100","10.9250","10.9400","10.8950","","0.00%"
"12/06/2023","10.9100","10.9250","10.9600","10.8900","","0.00%"
"12/05/2023","10.9100","10.9250","10.9350","10.8900","","0.00%"
"12/04/2023","10.9100","10.9200","10.9350","10.8900","","0.00%"
"12/01/2023","10.9100","10.9150","10.9350","10.8900","","0.18%"
"11/30/2023","10.8900","10.9250","10.9350","10.8900","","-0.18%"
"11/29/2023","10.9100","10.9250","10.9350","10.8900","","0.18%"
"11/28/2023","10.8900","10.9250","10.9350","10.8900","","0.00%"
"11/27/2023","10.8900","10.9200","10.9350","10.8900","","-0.18%"
"11/24/2023","10.9100","10.9350","10.9350","10.8900","","0.00%"
"11/23/2023","10.9100","10.9250","10.9350","10.8900","","0.18%"
"11/22/2023","10.8900","10.9350","10.9400","10.8900","","-0.09%"
"11/21/2023","10.9000","10.9350","10.9450","10.9000","","0.09%"
"11/20/2023","10.8900","10.9400","10.9550","10.9100","","-0.18%"
"11/17/2023","10.9100","10.9400","10.9450","10.9100","","0.00%"
"11/16/2023","10.9100","10.9350","10.9600","10.9200","","0.00%"
"11/15/2023","10.9100","10.9400","10.9600","10.9200","","0.09%"
"11/14/2023","10.9000","10.9500","10.9700","10.9200","","-0.09%"
"11/13/2023","10.9100","10.9500","10.9750","10.9250","","-0.37%"
"11/10/2023","10.9500","10.9500","10.9750","10.9250","","0.46%"
"11/09/2023","10.9000","10.9750","11.0050","10.9300","","-0.09%"
"11/08/2023","10.9100","10.9750","11.0050","10.9250","","0.00%"
"11/07/2023","10.9100","10.9750","11.0050","10.9300","","0.00%"
"11/06/2023","10.9100","10.9750","10.9850","10.9750","","0.09%"
"11/03/2023","10.9000","10.9750","11.0000","10.9300","","-0.46%"
"11/02/2023","10.9500","10.9550","10.9850","10.9300","","0.18%"
"11/01/2023","10.9300","10.9750","10.9850","10.9300","","-0.18%"
"10/31/2023","10.9500","10.9750","10.9850","10.9100","","0.46%"
"10/30/2023","10.9000","10.9850","10.9900","10.9350","","-0.37%"
"10/27/2023","10.9400","10.9750","10.9850","10.9350","","0.37%"
"10/26/2023","10.9000","10.9750","10.9850","10.9350","","-0.46%"
"10/25/2023","10.9500","10.9850","10.9850","10.9400","","0.00%"
"10/24/2023","10.9500","10.9850","10.9900","10.9250","","-0.09%"
"10/23/2023","10.9600","10.9850","10.9900","10.9250","","1.01%"
"10/20/2023","10.8500","10.9850","10.9900","10.9100","","-0.46%"
"10/19/2023","10.9000","10.9950","11.0350","10.9450","","-0.55%"
"10/18/2023","10.9600","10.9600","10.9900","10.9150","","-0.41%"
"10/17/2023","11.0050","10.9850","11.0350","10.9250","","0.41%"
"10/16/2023","10.9600","10.9750","10.9900","10.9250","","-0.09%"
"10/13/2023","10.9700","10.9750","10.9900","10.9350","","0.05%"
"10/12/2023","10.9650","10.9750","11.0200","10.9250","","0.00%"
"10/11/2023","10.9650","10.9750","11.0200","10.9250","","0.00%"
"10/10/2023","10.9650","10.9900","11.0200","10.9300","","-0.05%"
"10/09/2023","10.9700","10.9900","10.9900","10.9500","","0.05%"
"10/06/2023","10.9650","10.9750","11.0200","10.9350","","0.00%"
"10/05/2023","10.9650","10.9750","11.0200","10.9350","","0.23%"
"10/04/2023","10.9400","10.9850","10.9900","10.9500","","-0.27%"
"10/03/2023","10.9700","10.9800","10.9900","10.9500","","0.00%"
"10/02/2023","10.9700","10.9900","10.9900","10.9500","","0.00%"
"09/29/2023","10.9700","10.9750","10.9900","10.9500","","0.09%"
"09/28/2023","10.9600","10.9750","10.9900","10.9550","","-0.09%"
"09/27/2023","10.9700","10.9750","10.9900","10.9550","","0.00%"
"09/26/2023","10.9700","10.9750","10.9900","10.9550","","0.09%"
"09/25/2023","10.9600","10.9900","10.9900","10.9550","","0.00%"
"09/22/2023","10.9600","10.9750","10.9900","10.9550","","-0.09%"
"09/21/2023","10.9700","10.9850","10.9900","10.9550","","0.09%"
"09/20/2023","10.9600","10.9750","10.9900","10.9550","","0.09%"
"09/19/2023","10.9500","10.9900","10.9900","10.9550","","-0.18%"
"09/18/2023","10.9700","10.9900","10.9900","10.9550","","0.00%"
"09/15/2023","10.9700","10.9800","10.9900","10.9550","","0.08%"
"09/14/2023","10.9611","10.9750","10.9900","10.9550","","-0.08%"
"09/13/2023","10.9700","10.9750","10.9900","10.9550","","0.07%"
"09/12/2023","10.9622","10.9900","10.9900","10.9450","","-0.20%"
"09/11/2023","10.9839","10.9617","11.0083","10.9617","","-0.15%"
"09/08/2023","11.0000","10.9800","11.0400","10.9500","","0.00%"
"09/07/2023","11.0000","10.9900","11.0400","10.9500","","0.36%"
"09/06/2023","10.9600","10.9750","10.9900","10.9600","","-0.45%"
"09/05/2023","11.0100","10.9750","11.0450","10.9550","","0.46%"
"09/04/2023","10.9600","10.9850","10.9900","10.9600","","-0.09%"
"09/01/2023","10.9700","10.9750","10.9900","10.9600","","0.09%"
"08/31/2023","10.9600","10.9750","10.9900","10.9600","","-0.09%"
"08/30/2023","10.9700","10.9750","10.9900","10.9600","","0.00%"
"08/29/2023","10.9700","10.9850","10.9900","10.9600","","0.00%"
"08/28/2023","10.9700","10.9750","10.9900","10.9600","","0.00%"
"08/25/2023","10.9700","10.9900","10.9900","10.9600","","-0.36%"
"08/24/2023","11.0100","10.9900","11.0450","10.9550","","0.36%"
"08/23/2023","10.9700","10.9900","10.9900","10.9050","","-0.27%"
"08/22/2023","11.0000","10.9850","11.0450","10.9500","","-0.09%"
"08/21/2023","11.0100","10.9850","11.0450","10.9500","","0.09%"
"08/18/2023","11.0000","10.9850","11.0400","10.9500","","0.00%"
"08/17/2023","11.0000","10.9750","11.0400","10.9500","","0.00%"
"08/16/2023","11.0000","11.0000","11.0400","10.9500","","0.46%"
"08/15/2023","10.9500","10.9700","10.9900","10.9600","","0.00%"
"08/14/2023","10.9500","10.9850","10.9900","10.9600","","0.27%"
"08/11/2023","10.9200","10.9850","10.9900","10.9300","","-0.46%"
"08/10/2023","10.9700","10.9600","10.9900","10.9600","","0.00%"
"08/09/2023","10.9700","10.9800","10.9900","10.9450","","0.00%"
"08/08/2023","10.9700","10.9650","10.9900","10.9400","","0.09%"
"08/07/2023","10.9600","10.9700","10.9700","10.9400","","0.00%"
"08/04/2023","10.9600","10.9700","10.9700","10.9400","","0.09%"
"08/03/2023","10.9500","10.9350","10.9700","10.9300","","-0.09%"
"08/02/2023","10.9600","10.9250","10.9700","10.9200","","0.27%"
"08/01/2023","10.9300","10.9250","10.9650","10.9050","","-0.18%"
"07/31/2023","10.9500","10.9450","10.9550","10.9050","","0.27%"
"07/28/2023","10.9200","10.9500","10.9550","10.9050","","-0.09%"
"07/27/2023","10.9300","10.9250","10.9550","10.9050","","0.28%"
"07/26/2023","10.9000","10.9250","10.9550","10.9050","","-0.18%"
"07/25/2023","10.9200","10.9250","10.9550","10.9050","","0.00%"
"07/24/2023","10.9200","10.9250","10.9850","10.8800","","0.09%"
"07/21/2023","10.9100","10.9550","10.9550","10.9050","","0.00%"
"07/20/2023","10.9100","10.9250","10.9550","10.9050","","0.00%"
"07/19/2023","10.9100","10.9550","10.9550","10.9050","","0.00%"
"07/18/2023","10.9100","10.9350","10.9550","10.9000","","-0.09%"
"07/17/2023","10.9200","10.9150","10.9500","10.9000","","0.09%"
"07/14/2023","10.9100","10.9550","10.9550","10.9000","","0.00%"
"07/13/2023","10.9100","10.9550","10.9550","10.9150","","0.00%"
"07/12/2023","10.9100","10.9500","10.9550","10.9000","","0.05%"
"07/11/2023","10.9050","10.9150","10.9750","10.8650","","-0.05%"
"07/10/2023","10.9100","10.9450","10.9550","10.9000","","0.00%"
"07/07/2023","10.9100","10.9450","10.9550","10.9150","","-0.09%"
"07/06/2023","10.9200","10.9450","10.9500","10.9000","","0.09%"
"07/05/2023","10.9100","10.9350","10.9550","10.9150","","0.00%"
"07/04/2023","10.9100","10.9550","10.9550","10.8950","","0.09%"
"07/03/2023","10.9000","10.9300","10.9700","10.8600","","-0.91%"
"06/30/2023","11.0000","10.9300","11.0150","10.8850","","0.00%"
"06/29/2023","11.0000","10.9300","11.0150","10.8950","","0.00%"
"06/28/2023","11.0000","10.9200","11.0000","10.9200","","0.92%"
"06/27/2023","10.9000","10.9200","10.9200","10.9200","","0.00%"
"06/26/2023","10.9000","10.9300","10.9300","10.9200","","0.00%"
"06/23/2023","10.9000","10.9300","10.9350","10.9100","","0.00%"
"06/22/2023","10.9000","10.9250","10.9350","10.9000","","0.00%"
"06/21/2023","10.9000","10.9300","10.9350","10.9000","","0.00%"
"06/20/2023","10.9000","10.9300","10.9350","10.9100","","0.00%"
"06/19/2023","10.9000","10.9250","10.9350","10.9000","","0.00%"
"06/16/2023","10.9000","10.9300","10.9350","10.9000","","0.00%"
"06/15/2023","10.9000","10.9300","10.9350","10.8850","","-0.09%"
"06/14/2023","10.9100","10.9300","10.9700","10.8650","","0.09%"
"06/13/2023","10.9000","10.9300","10.9350","10.9050","","0.00%"
"06/12/2023","10.9000","10.9300","10.9350","10.8900","","-0.09%"
"06/09/2023","10.9100","10.9300","10.9350","10.8950","","0.09%"
"06/08/2023","10.9000","10.9300","10.9350","10.8850","","-0.09%"
"06/07/2023","10.9100","10.9250","10.9350","10.8850","","0.09%"
"06/06/2023","10.9000","10.9350","10.9350","10.8850","","0.00%"
"06/05/2023","10.9000","10.9300","10.9350","10.8850","","0.00%"
"06/02/2023","10.9000","10.9300","10.9350","10.8850","","0.00%"
"06/01/2023","10.9000","10.9300","10.9350","10.8850","","0.00%"
"05/31/2023","10.9000","10.9300","10.9350","10.8850","","0.00%"
"05/30/2023","10.9000","10.9250","10.9350","10.8850","","0.00%"
"05/29/2023","10.9000","10.9200","10.9350","10.8850","","0.00%"
"05/26/2023","10.9000","10.8950","10.9350","10.8950","","0.00%"
"05/25/2023","10.9000","10.9300","10.9350","10.8850","","0.00%"
"05/24/2023","10.9000","10.9250","10.9350","10.8850","","-0.18%"
"05/23/2023","10.9200","10.9200","10.9350","10.8950","","0.18%"
"05/22/2023","10.9000","10.9300","10.9350","10.8950","","0.00%"
"05/19/2023","10.9000","10.9050","10.9350","10.8950","","0.00%"
"05/18/2023","10.9000","10.9300","10.9350","10.8950","","0.00%"
"05/17/2023","10.9000","10.9250","10.9350","10.8950","","0.00%"
"05/16/2023","10.9000","10.9200","10.9350","10.8950","","0.00%"
"05/15/2023","10.9000","10.9250","10.9350","10.7700","","0.00%"
"05/12/2023","10.9000","10.9200","10.9350","10.8950","","-0.27%"
"05/11/2023","10.9300","10.9200","10.9350","10.8950","","0.28%"
"05/10/2023","10.9000","10.9350","10.9350","10.8950","","0.00%"
"05/05/2023","10.9000","10.9050","10.9350","10.8950","","0.00%"
"05/04/2023","10.9000","10.9050","10.9350","10.8950","","0.00%"
"05/03/2023","10.9000","10.9050","10.9350","10.8950","","0.00%"
"05/02/2023","10.9000","10.9050","10.9350","10.8950","","0.00%"
"05/01/2023","10.9000","10.9200","10.9350","10.8950","","0.00%"
"04/28/2023","10.9000","10.9050","10.9350","10.8950","","0.00%"
"04/27/2023","10.9000","10.9050","10.9400","10.8950","","-0.50%"
"04/26/2023","10.9550","10.9050","10.9900","10.8950","","0.14%"
"04/25/2023","10.9400","10.9050","10.9800","10.8850","","0.74%"
"04/24/2023","10.8600","10.9050","10.9400","10.8950","","-0.37%"
"04/20/2023","10.9000","10.9050","10.9400","10.8950","","0.00%"
"04/19/2023","10.9000","10.9250","10.9400","10.8950","","0.00%"
"04/18/2023","10.9000","10.9050","10.9400","10.8950","","0.00%"
"04/17/2023","10.9000","10.9050","10.9400","10.8950","","0.37%"
"04/14/2023","10.8600","10.9050","10.9400","10.8550","","-0.37%"
"04/13/2023","10.9000","10.9050","10.9650","10.8700","","0.00%"
"04/12/2023","10.9000","10.9250","10.9400","10.8950","","0.00%"
"04/11/2023","10.9000","10.9050","10.9350","10.8950","","0.00%"
"04/10/2023","10.9000","10.9250","10.9400","10.8950","","0.00%"
"04/07/2023","10.9000","10.9250","10.9400","10.8950","","0.00%"
"04/06/2023","10.9000","10.9050","10.9400","10.8950","","0.37%"
"04/05/2023","10.8600","10.9100","10.9400","10.9000","","-0.37%"
"04/04/2023","10.9000","10.9250","10.9350","10.9000","","0.00%"
"04/03/2023","10.9000","10.9300","10.9400","10.9000","","-0.50%"
"03/31/2023","10.9550","10.9250","10.9900","10.9000","","0.32%"
"03/30/2023","10.9200","10.9200","10.9350","10.9000","","-0.18%"
"03/29/2023","10.9400","10.9250","10.9750","10.8850","","0.09%"
"03/28/2023","10.9300","10.9200","10.9800","10.8750","","0.18%"
"03/27/2023","10.9100","10.9400","10.9700","10.8750","","0.28%"
"03/24/2023","10.8800","10.9250","10.9350","10.9050","","-0.46%"
"03/23/2023","10.9300","10.9400","10.9450","10.9300","","0.55%"
"03/22/2023","10.8700","10.9350","10.9450","10.9050","","-0.46%"
"03/20/2023","10.9200","10.9400","10.9400","10.9400","","0.55%"
"03/17/2023","10.8600","10.9100","10.9450","10.9000","","-0.37%"
"03/16/2023","10.9000","10.9200","10.9450","10.8950","","0.00%"
"03/15/2023","10.9000","10.9250","10.9400","10.8950","","0.00%"
"03/14/2023","10.9000","10.9250","10.9550","10.8950","","0.00%"
"03/13/2023","10.9000","10.9500","10.9550","10.8950","","0.00%"
"03/10/2023","10.9000","10.9350","10.9550","10.8950","","0.00%"
"03/09/2023","10.9000","10.9300","10.9550","10.8950","","0.00%"
"03/07/2023","10.9000","10.9150","10.9500","10.8950","","0.00%"
"03/06/2023","10.9000","10.9050","10.9500","10.8950","","-0.09%"
"03/03/2023","10.9100","10.9250","10.9300","10.8950","","0.00%"
"03/02/2023","10.9100","10.9250","10.9300","10.8950","","0.37%"
"03/01/2023","10.8700","10.9150","10.9300","10.8650","","-0.37%"
"02/28/2023","10.9100","10.9350","10.9450","10.8650","","-0.09%"
"02/27/2023","10.9200","10.9250","10.9700","10.6350","","0.65%"
"02/24/2023","10.8500","10.9050","10.9500","10.8050","","0.00%"
"02/23/2023","10.8500","10.8550","10.9250","10.7250","","0.00%"
"02/22/2023","10.8500","10.6750","10.8800","10.6750","","0.00%"
"02/21/2023","10.8500","10.7050","10.8750","10.6150","","1.40%"
"02/20/2023","10.7000","10.6350","10.7500","10.5900","","2.34%"
"02/17/2023","10.4550","10.5050","10.6650","10.4450","","-0.62%"
"02/16/2023","10.5200","10.4500","10.5600","10.4250","","0.38%"
"02/15/2023","10.4800","10.4400","10.5150","10.4000","","0.77%"
"02/14/2023","10.4000","10.4100","10.4450","10.2072","","1.96%"
"02/13/2023","10.2000","10.3900","10.4150","10.2072","","-1.54%"
"02/10/2023","10.3600","10.3750","10.4100","10.3550","","0.10%"
"02/09/2023","10.3500","10.3100","10.4200","10.2950","","0.00%"
"02/08/2023","10.3500","10.3050","10.3928","10.2900","","0.63%"
"02/07/2023","10.2850","10.3200","10.3500","10.2650","","0.54%"
"02/06/2023","10.2300","10.3200","10.3450","10.2750","","-0.29%"
"02/03/2023","10.2600","10.3100","10.3400","10.2850","","0.00%"
"02/02/2023","10.2600","10.3100","10.3350","10.2800","","0.10%"
"02/01/2023","10.2500","10.2800","10.3300","10.2750","","0.00%"
"01/31/2023","10.2500","10.2750","10.3300","10.2500","","0.49%"
"01/30/2023","10.2000","10.2750","10.3200","10.2500","","0.00%"
"01/27/2023","10.2000","10.2900","10.3150","10.1823","","-0.49%"
"01/26/2023","10.2500","10.2800","10.3150","10.1823","","0.20%"
"01/25/2023","10.2300","10.2800","10.2800","10.2072","","0.29%"
"01/24/2023","10.2000","10.2550","10.3050","10.2072","","0.00%"
"01/23/2023","10.2000","10.2400","10.3050","10.1900","","-0.20%"
"01/20/2023","10.2200","10.2500","10.2700","10.2400","","0.69%"
"01/19/2023","10.1500","10.2550","10.2800","10.1823","","-0.49%"
"01/18/2023","10.2000","10.2150","10.2850","10.2100","","0.20%"
"01/17/2023","10.1800","10.2400","10.2700","10.1923","","0.10%"
"01/16/2023","10.1700","10.2400","10.2400","10.1923","","-0.39%"
"01/13/2023","10.2100","10.2100","10.2700","10.1900","","0.10%"
"01/12/2023","10.2000","10.2000","10.2650","10.1650","","0.99%"
"01/11/2023","10.1000","10.1900","10.2350","10.1650","","-0.49%"
"01/10/2023","10.1500","10.2050","10.2350","10.1750","","-0.20%"
"01/09/2023","10.1700","10.1900","10.2300","10.1750","","0.10%"
"01/06/2023","10.1600","10.1900","10.2350","10.1550","","-0.20%"
"01/05/2023","10.1800","10.1900","10.2200","10.1700","","0.99%"
"01/04/2023","10.0800","10.2150","10.2200","10.1300","","0.00%"
"01/03/2023","10.0800","10.1900","10.2200","10.1300","","0.00%"
"12/30/2022","10.0800","10.1400","10.2200","10.1300","","-0.20%"
"12/29/2022","10.1000","10.1900","10.2200","10.1500","","0.00%"
"12/28/2022","10.1000","10.2150","10.2200","10.1500","","0.00%"
"12/27/2022","10.1000","10.2050","10.2200","10.1550","","-0.20%"
"12/26/2022","10.1200","10.2000","10.2350","10.1550","","-0.39%"
"12/23/2022","10.1600","10.2050","10.2350","10.1750","","0.10%"
"12/22/2022","10.1500","10.1950","10.2300","10.1750","","0.00%"
"12/21/2022","10.1500","10.2050","10.2350","10.1650","","-0.10%"
"12/20/2022","10.1600","10.2000","10.2300","10.1400","","0.10%"
"12/19/2022","10.1500","10.2000","10.2300","10.1400","","0.00%"
"12/16/2022","10.1500","10.1600","10.2200","10.1100","","0.00%"
"12/15/2022","10.1500","10.1000","10.2200","10.0650","","-0.10%"
"12/14/2022","10.1600","10.1200","10.2100","10.0650","","0.10%"
"12/13/2022","10.1500","10.1900","10.2000","10.0600","","1.00%"
"12/12/2022","10.0500","10.1250","10.1600","10.0550","","-0.89%"
"12/09/2022","10.1400","10.1300","10.1900","10.0550","","0.00%"
"12/08/2022","10.1400","10.1250","10.2000","10.0450","","0.40%"
"12/07/2022","10.1000","10.1000","10.1700","10.0400","","-0.20%"
"12/06/2022","10.1200","10.0850","10.1700","10.0300","","0.00%"
"12/05/2022","10.1200","10.0300","10.1700","10.0150","","0.00%"
"12/02/2022","10.1200","10.0000","10.1700","9.9950","","0.20%"
"12/01/2022","10.1000","10.1000","10.1700","10.0000","","-0.20%"
"11/30/2022","10.1200","10.0650","10.2000","10.0250","","-0.30%"
"11/29/2022","10.1500","10.1000","10.2000","10.0000","","0.40%"
"11/28/2022","10.1100","10.1000","10.1650","9.9950","","0.00%"
"11/25/2022","10.1100","10.0600","10.2100","9.9950","","1.10%"
"11/24/2022","10.0000","10.0500","10.0500","9.9500","","-1.09%"
"11/23/2022","10.1100","10.0000","10.1100","9.9300","","0.10%"
"11/22/2022","10.1000","10.0000","10.1100","9.9200","","-0.10%"
"11/21/2022","10.1100","10.0000","10.1100","9.9200","","0.10%"
"11/18/2022","10.1000","10.0000","10.2000","9.9200","","0.00%"
"11/17/2022","10.1000","10.0000","10.2000","9.9200","","-0.20%"
"11/16/2022","10.1200","10.2000","10.2000","9.9000","","0.20%"
"11/15/2022","10.1000","10.1000","10.2000","9.9400","","0.00%"
"11/14/2022","10.1000","10.0000","10.2000","9.9000","","-0.10%"
"11/11/2022","10.1100","10.0600","10.1100","10.0000","","0.00%"
"11/10/2022","10.1100","10.1000","10.1500","10.0000","","0.00%"
"11/09/2022","10.1100","10.0000","10.1200","10.0000","","-0.10%"
"11/08/2022","10.1200","10.0000","10.1700","10.0000","","-0.30%"
"11/07/2022","10.1500","10.0000","10.1500","10.0000","","0.00%"
"11/04/2022","10.1500","10.0700","10.1800","10.0000","","-0.29%"
"11/03/2022","10.1800","10.0700","10.2000","10.0000","","0.00%"
"11/02/2022","10.1800","10.0200","10.1800","10.0000","","0.10%"
"11/01/2022","10.1700","10.0400","10.1700","10.0000","","-0.20%"
"10/31/2022","10.1900","10.0700","10.1900","10.0000","","1.14%"
"10/28/2022","10.0750","10.0700","10.1000","10.0000","","-1.03%"
"10/27/2022","10.1800","10.1900","10.1900","10.0000","","-0.20%"
"10/26/2022","10.2000","10.2000","10.2000","10.0000","","0.10%"
"10/25/2022","10.1900","10.0800","10.2100","10.0000","","0.00%"
"10/24/2022","10.1900","10.0800","10.2100","10.0000","","-0.10%"
"10/21/2022","10.2000","10.1000","10.2000","10.0000","","0.10%"
"10/20/2022","10.1900","10.0800","10.2000","10.0500","","-0.10%"
"10/19/2022","10.2000","10.0800","10.2000","10.0000","","0.20%"
"10/18/2022","10.1800","10.1000","10.1800","10.0000","","0.00%"
"10/17/2022","10.1800","10.1000","10.1900","10.1000","","-0.10%"
"10/14/2022","10.1900","10.1700","10.1900","10.1000","","0.00%"
"10/13/2022","10.1900","10.1500","10.2100","10.1000","","-0.20%"
"10/12/2022","10.2100","10.1500","10.2100","10.1000","","0.10%"
"10/11/2022","10.2000","10.1000","10.2100","10.0500","","-0.10%"
"10/10/2022","10.2100","10.0500","10.2100","10.0000","","0.10%"
"10/07/2022","10.2000","10.0500","10.2100","9.8000","","1.75%"
"10/06/2022","10.0250","10.0000","10.0300","9.8000","","1.47%"
"10/05/2022","9.8800","9.8500","9.9000","9.7500","","0.51%"
"10/04/2022","9.8300","9.8000","9.9000","9.7500","","0.31%"
"10/03/2022","9.8000","9.9000","9.9000","9.7500","","-0.25%"
"09/30/2022","9.8250","9.8000","10.0500","9.7300","","-0.51%"
"09/29/2022","9.8750","9.8500","9.9000","9.7500","","0.77%"
"09/28/2022","9.8000","9.8500","9.9000","9.7500","","-0.51%"
"09/27/2022","9.8500","10.0500","10.0500","9.7500","","-0.51%"
"09/26/2022","9.9000","10.0000","10.0500","9.8000","","-3.04%"
"09/23/2022","10.2100","10.0700","10.2200","9.9000","","0.00%"
"09/22/2022","10.2100","10.0400","10.2500","9.9500","","-0.39%"
"09/21/2022","10.2500","10.1200","10.2500","10.0000","","0.00%"
"09/20/2022","10.2500","10.0000","10.2500","9.9500","","0.00%"
"09/19/2022","10.2500","10.2267","10.2500","9.9500","","0.23%"
"09/16/2022","10.2267","10.2300","10.2500","9.9500","","-0.23%"
"09/15/2022","10.2500","10.2315","10.2500","10.0000","","0.18%"
"09/14/2022","10.2315","10.2317","10.2500","10.0000","","-0.18%"
"09/13/2022","10.2500","10.2325","10.2500","10.0500","","0.17%"
"09/12/2022","10.2325","10.2325","10.2500","10.0500","","0.00%"
"09/09/2022","10.2325","10.2325","10.2500","10.2325","","-0.07%"
"09/08/2022","10.2400","10.1000","10.2400","10.0500","","0.00%"
"09/07/2022","10.2400","10.0900","10.2400","10.0500","","0.10%"
"09/06/2022","10.2300","10.1000","10.2300","10.0500","","0.00%"
"09/05/2022","10.2300","10.1000","10.2300","10.0500","","0.00%"
"09/02/2022","10.2300","10.1000","10.2400","10.0500","","-0.10%"
"09/01/2022","10.2400","10.1200","10.2400","10.0500","","0.10%"
"08/31/2022","10.2300","10.1000","10.2400","10.0500","","-0.10%"
"08/30/2022","10.2400","10.1000","10.2410","10.1000","","0.10%"
"08/29/2022","10.2300","10.1000","10.2400","10.0500","","-0.10%"
"08/26/2022","10.2400","10.1000","10.2500","10.0500","","0.10%"
"08/25/2022","10.2300","10.1500","10.2500","10.1000","","-0.10%"
"08/24/2022","10.2400","10.1400","10.2500","10.0000","","-0.10%"
"08/23/2022","10.2500","10.2000","10.2500","10.0000","","0.10%"
"08/22/2022","10.2400","10.1800","10.2500","10.0500","","-0.10%"
"08/19/2022","10.2500","10.1800","10.2500","10.1000","","0.10%"
"08/18/2022","10.2400","10.1900","10.2500","10.1500","","-0.10%"
"08/17/2022","10.2500","10.2000","10.2500","10.1500","","0.49%"
"08/16/2022","10.2000","10.2000","10.2500","10.1500","","-0.49%"
"08/15/2022","10.2500","10.2000","10.2500","10.1500","","0.10%"
"08/12/2022","10.2400","10.2000","10.2500","10.1500","","-0.19%"
"08/11/2022","10.2600","10.2000","10.2600","10.1500","","0.20%"
"08/10/2022","10.2400","10.2000","10.2600","10.1500","","0.00%"
"08/09/2022","10.2400","10.2000","10.2600","10.1500","","0.00%"
"08/08/2022","10.2400","10.2000","10.2600","10.1500","","-0.10%"
"08/05/2022","10.2500","10.2400","10.2600","10.1000","","0.00%"
"08/04/2022","10.2500","10.2000","10.2600","10.1500","","0.00%"
"08/03/2022","10.2500","10.2400","10.2500","10.1500","","0.10%"
"08/02/2022","10.2400","10.2000","10.2600","10.1500","","-0.10%"
"08/01/2022","10.2500","10.1000","10.2600","10.0000","","-0.10%"
"07/29/2022","10.2600","10.0500","10.2600","10.0000","","0.10%"
"07/28/2022","10.2500","10.1000","10.2600","10.0000","","0.49%"
"07/27/2022","10.2000","10.2600","10.2600","10.0000","","0.00%"
"07/26/2022","10.2000","10.0000","10.2600","10.0000","","0.99%"
"07/25/2022","10.1000","10.0000","10.1000","9.8000","","0.00%"
"07/22/2022","10.1000","10.1000","10.1000","9.8500","","-0.98%"
"07/21/2022","10.2000","9.9000","10.1000","9.8000","","3.29%"
"07/20/2022","9.8750","10.0000","10.1000","9.8000","","-1.99%"
"07/19/2022","10.0750","10.1000","10.2000","9.9500","","-1.23%"
"07/18/2022","10.2000","10.1000","10.2000","10.0000","","-0.97%"
"07/15/2022","10.3000","10.1000","10.4300","10.1000","","0.49%"
"07/14/2022","10.2500","10.1500","10.3000","10.1000","","0.00%"
"07/13/2022","10.2500","10.4100","10.4100","10.1500","","-1.44%"
"07/12/2022","10.4000","10.5000","10.5000","10.3000","","-0.48%"
"07/11/2022","10.4500","10.4500","10.4500","10.4500","","-0.53%"
"07/08/2022","10.5062","10.5694","10.6000","10.3000","","-0.60%"
"07/07/2022","10.5694","10.4450","10.6000","10.4450","","1.19%"
"07/06/2022","10.4450","10.2000","10.5000","10.2000","","-0.05%"
"07/05/2022","10.4500","9.8000","10.4500","9.8000","","4.76%"
"07/04/2022","9.9750","9.7000","10.0000","9.7000","","1.01%"
"07/01/2022","9.8750","9.6000","9.8000","9.6000","","0.51%"
"06/30/2022","9.8250","9.7000","9.7000","9.6000","","1.29%"
"06/29/2022","9.7000","10.5623","10.5623","9.6000","","-8.16%"
"06/28/2022","10.5623","10.5643","10.5643","10.5620","","-0.02%"
"06/27/2022","10.5643","10.5553","10.5643","10.5300","","6.71%"
"06/24/2022","9.9000","10.5533","10.5533","9.6000","","-6.19%"
"06/23/2022","10.5533","10.5724","10.5724","9.8000","","-0.18%"
"06/22/2022","10.5724","10.6221","10.6221","10.0500","","-0.28%"
"06/21/2022","10.6021","10.9213","10.9213","10.5961","","-2.74%"
"06/20/2022","10.9013","10.9213","10.9213","10.9213","","-1.06%"
"06/17/2022","11.0177","11.0377","11.0377","11.0377","","0.00%"
"06/16/2022","11.0177","11.0377","11.0377","10.5750","","2.73%"
"06/15/2022","10.7250","10.7500","10.9750","10.7000","","-1.52%"
"06/14/2022","10.8900","11.0500","11.1500","10.8850","","-1.45%"
"06/13/2022","11.0500","10.9750","11.2000","10.9250","","-1.34%"
"06/10/2022","11.2000","11.1300","11.2000","10.9250","","0.00%"
"06/09/2022","11.2000","11.2000","11.2750","10.9750","","1.82%"
"06/08/2022","11.0000","11.1500","11.2050","11.0500","","-1.79%"
"06/07/2022","11.2000","11.2750","11.3000","11.1500","","-0.44%"
"06/06/2022","11.2500","11.3750","11.3750","11.1500","","0.45%"
"06/03/2022","11.2000","11.3750","11.3750","11.2000","","-1.23%"
"06/02/2022","11.3400","11.3750","11.3850","11.3700","","-0.09%"
"06/01/2022","11.3500","11.3750","11.3850","11.3750","","0.00%"
"05/31/2022","11.3500","11.3750","11.3850","11.3750","","0.18%"
"05/27/2022","11.3300","11.3500","11.3750","11.3500","","-0.35%"
"05/26/2022","11.3700","11.4050","11.4050","11.4050","","-0.09%"
"05/25/2022","11.3800","11.4000","11.4050","11.3950","","-1.47%"
"05/24/2022","11.5500","11.8500","11.8500","11.3000","","-2.53%"
"05/23/2022","11.8500","11.8000","11.8500","11.8000","","-4.97%"
"05/20/2022","12.4700","12.5050","12.5050","12.5050","","0.00%"
"05/19/2022","12.4700","12.5050","12.5050","12.5050","","-0.28%"
"05/18/2022","12.5050","12.5050","12.5050","12.5050","","0.44%"
"05/17/2022","12.4500","12.4900","12.4900","12.4900","","-0.08%"
"05/16/2022","12.4600","12.5000","12.5000","12.5000","","-0.08%"
"05/13/2022","12.4700","12.5100","12.5100","12.5100","","0.00%"
"05/12/2022","12.4700","12.5000","12.5050","12.4750","","0.08%"
"05/11/2022","12.4600","12.5000","12.5000","12.5000","","0.08%"
"05/10/2022","12.4500","12.4050","12.4900","12.4050","","0.00%"
"05/09/2022","12.4500","12.5000","12.5000","12.5000","","0.40%"
"05/06/2022","12.4000","12.4550","12.4550","12.4550","","-0.48%"
"05/05/2022","12.4600","12.5050","12.5050","12.4550","","0.08%"
"05/03/2022","12.4500","12.4550","12.4950","12.4550","","-0.08%"
"05/02/2022","12.4600","12.5000","12.5000","12.5000","","0.16%"
"04/29/2022","12.4400","12.4550","12.4850","12.4550","","0.08%"
"04/28/2022","12.4300","12.4550","12.4800","12.4550","","-0.32%"
"04/27/2022","12.4700","12.4500","12.5050","12.4500","","0.00%"
"04/26/2022","12.4700","12.4550","12.5000","12.4550","","0.00%"
"04/25/2022","12.4700","12.4550","12.5050","12.4550","","-0.08%"
"04/22/2022","12.4800","12.5100","12.5100","12.5100","","0.00%"
"04/21/2022","12.4800","12.4550","12.5050","12.4550","","0.00%"
"04/20/2022","12.4800","12.4550","12.5100","12.4550","","0.00%"
"04/19/2022","12.4800","12.4550","12.5050","12.4550","","0.00%"
"04/18/2022","12.4800","12.4550","12.5050","12.4550","","0.00%"
"04/15/2022","12.4800","12.5050","12.5050","12.5050","","0.00%"
"04/14/2022","12.4800","12.4500","12.5050","12.4500","","0.16%"
"04/13/2022","12.4600","12.5050","12.5050","12.4850","","-0.16%"
"04/12/2022","12.4800","12.5050","12.5050","12.5050","","0.00%"
"04/11/2022","12.4800","12.5000","12.5000","12.5000","","0.00%"
"04/08/2022","12.4800","12.4000","12.5050","12.4000","","0.24%"
"04/07/2022","12.4500","12.4500","12.5050","12.4500","","-0.16%"
"04/06/2022","12.4700","12.5000","12.5100","12.4900","","-0.08%"
"04/05/2022","12.4800","12.5050","12.5050","12.5050","","0.24%"
"04/04/2022","12.4500","12.4750","12.5000","12.4750","","-3.86%"
"04/01/2022","12.9500","12.9700","12.9700","12.9700","","0.00%"
"03/31/2022","12.9500","12.9700","12.9700","12.9700","","0.00%"
"03/29/2022","12.9500","12.9300","12.9750","12.9300","","0.08%"
"03/28/2022","12.9400","12.9750","12.9750","12.9650","","0.08%"
"03/25/2022","12.9300","12.9550","12.9750","12.9550","","-0.23%"
"03/18/2022","12.9600","13.0050","13.0050","13.0050","","-0.31%"
"03/17/2022","13.0000","13.0250","13.0250","13.0250","","0.00%"
"03/16/2022","13.0000","13.0250","13.0250","13.0250","","0.00%"
"03/15/2022","13.0000","13.0250","13.0250","13.0250","","-0.38%"
"03/11/2022","13.0500","13.0550","13.0550","13.0550","","0.54%"
"03/10/2022","12.9800","11.2950","13.0550","11.2950","","15.17%"
"03/09/2022","11.2700","11.2850","11.2850","11.2850","","0.00%"
"03/03/2022","11.2700","11.2900","11.2900","11.2850","","0.00%"
"03/01/2022","11.2700","11.2850","11.2850","11.2850","","-0.09%"
"02/28/2022","11.2800","11.2850","11.2900","11.2850","","-0.17%"
"02/25/2022","11.2990","11.2850","11.2995","11.2850","","0.26%"
"02/24/2022","11.2700","11.2850","11.2850","11.2850","","0.00%"
"02/23/2022","11.2700","11.2850","11.2850","11.2850","","0.00%"
"02/22/2022","11.2700","11.2850","11.2850","11.2850","","0.00%"
"02/21/2022","11.2700","11.2850","11.2850","11.2850","","-0.09%"
"02/18/2022","11.2800","11.2850","11.2900","11.2850","","0.09%"
"02/17/2022","11.2700","11.2850","11.2850","11.2850","","-0.18%"
"02/16/2022","11.2900","11.2900","11.2950","11.2850","","0.18%"
"02/15/2022","11.2700","11.2950","11.2950","11.2850","","0.00%"
"02/14/2022","11.2700","11.2850","11.2850","11.2850","","-0.18%"
"02/09/2022","11.2900","11.2950","11.2950","11.2950","","0.00%"
"02/07/2022","11.2900","11.2950","11.2950","11.2950","","0.09%"
"02/04/2022","11.2800","11.2950","11.2950","11.2900","","0.00%"
"02/02/2022","11.2800","11.2950","11.2950","11.2900","","-0.09%"
"01/31/2022","11.2900","11.2950","11.2950","11.2950","","0.00%"
"01/28/2022","11.2900","11.2950","11.2950","11.2950","","0.00%"
"01/27/2022","11.2900","11.2950","11.2950","11.2950","","0.00%"
"01/26/2022","11.2900","11.2950","11.2950","11.2950","","0.00%"
"01/25/2022","11.2900","11.2900","11.2950","11.2900","","0.00%"
"01/21/2022","11.2900","11.2950","11.2950","11.2950","","0.00%"
"01/20/2022","11.2900","11.2950","11.2950","11.2950","","0.00%"
"01/19/2022","11.2900","11.2950","11.2950","11.2950","","0.00%"
"01/18/2022","11.2900","11.2950","11.3350","11.2950","","0.00%"
"01/17/2022","11.2900","11.2850","11.2950","11.2850","","0.00%"
"01/14/2022","11.2900","11.2850","11.2950","11.2850","","0.18%"
"01/13/2022","11.2700","11.2850","11.2850","11.2850","","-0.18%"
"01/12/2022","11.2900","11.2850","11.2950","11.2850","","0.09%"
"01/11/2022","11.2800","11.2850","11.2950","11.2850","","-0.09%"
"01/10/2022","11.2900","11.2850","11.2950","11.2850","","0.00%"
"01/07/2022","11.2900","11.2850","11.2950","11.2850","","0.00%"
"01/06/2022","11.2900","11.2950","11.2950","11.2950","","-0.08%"
"01/05/2022","11.2990","11.2850","11.2995","11.2850","","0.08%"
"01/04/2022","11.2900","11.2850","11.2950","11.2850","","-0.08%"
"12/31/2021","11.2990","11.2850","11.2995","11.2850","","0.17%"
"12/30/2021","11.2800","11.2850","11.2900","11.2850","","0.00%"
"12/29/2021","11.2800","11.2850","11.2900","11.2850","","0.00%"
"12/28/2021","11.2800","11.2850","11.2900","11.2850","","0.00%"
"12/27/2021","11.2800","11.2850","11.2900","11.2850","","-0.09%"
"12/24/2021","11.2900","11.2850","11.2950","11.2850","","0.09%"
"12/23/2021","11.2800","11.2850","11.2900","11.2850","","0.09%"
"12/22/2021","11.2700","11.2850","11.2850","11.2850","","-0.26%"
"12/21/2021","11.2990","11.2850","11.2995","11.2850","","0.17%"
"12/20/2021","11.2800","11.2850","11.2900","11.2850","","0.09%"
"12/17/2021","11.2700","11.2950","11.2950","11.2850","","-0.26%"
"12/16/2021","11.2990","11.2850","11.2995","11.2850","","0.17%"
"12/15/2021","11.2800","11.2850","11.2900","11.2850","","0.00%"
"12/14/2021","11.2800","11.2850","11.2995","11.2850","","0.00%"
"12/13/2021","11.2800","11.2850","11.2900","11.2850","","0.00%"
"12/10/2021","11.2800","11.2850","11.2950","11.2850","","-0.09%"
"12/09/2021","11.2900","11.2850","11.2950","11.2850","","0.09%"
"12/08/2021","11.2800","11.2850","11.2950","11.2850","","0.00%"
"12/07/2021","11.2800","11.2850","11.2950","11.2850","","-0.09%"
"12/06/2021","11.2900","11.2850","11.2950","11.2850","","0.09%"
"12/03/2021","11.2800","11.2850","11.2900","11.2850","","0.00%"
"12/02/2021","11.2800","11.2850","11.2900","11.2850","","0.00%"
"12/01/2021","11.2800","11.2850","11.3350","11.2850","","-0.09%"
"11/30/2021","11.2900","11.2850","11.2950","11.2850","","0.00%"
"11/29/2021","11.2900","11.2850","11.3350","11.2850","","0.18%"
"11/26/2021","11.2700","11.2850","11.2850","11.2850","","0.00%"
"11/25/2021","11.2700","11.2850","11.2850","11.2850","","0.00%"
"11/24/2021","11.2700","11.2850","11.2850","11.2850","","-0.18%"
"11/23/2021","11.2900","11.2850","11.2950","11.2850","","0.09%"
"11/22/2021","11.2800","11.2850","11.2900","11.2850","","-0.09%"
"11/19/2021","11.2900","11.2850","11.2950","11.2850","","0.00%"
"11/18/2021","11.2900","11.2850","11.2950","11.2850","","0.09%"
"11/17/2021","11.2800","11.2850","11.2900","11.2850","","-0.09%"
"11/16/2021","11.2900","11.2900","11.2950","11.2850","","0.18%"
"11/15/2021","11.2700","11.2850","11.2850","11.2850","","0.00%"
"11/12/2021","11.2700","11.2800","11.2900","11.2800","","0.00%"
"11/11/2021","11.2700","11.2850","11.2850","11.2850","","-0.18%"
"11/10/2021","11.2900","11.2850","11.2950","11.2650","","0.36%"
"11/09/2021","11.2500","11.2550","11.2800","11.2550","","0.00%"
"11/05/2021","11.2500","11.2700","11.2700","11.2700","","0.09%"
"11/04/2021","11.2400","11.2600","11.2600","11.2600","","-0.18%"
"11/03/2021","11.2600","11.2500","11.2650","11.2400","","0.45%"
"11/02/2021","11.2100","11.2300","11.2300","11.2300","","0.00%"
"11/01/2021","11.2100","11.2300","11.2300","11.2300","","-0.27%"
"10/29/2021","11.2400","11.2300","11.2550","11.2300","","0.18%"
"10/28/2021","11.2200","11.2400","11.2400","11.2400","","-0.09%"
"10/27/2021","11.2300","11.2450","11.2450","11.2450","","-0.18%"
"10/26/2021","11.2500","11.2775","11.2775","11.2450","","-0.09%"
"10/25/2021","11.2600","11.2800","11.2800","11.2700","","0.00%"
"10/22/2021","11.2600","11.2875","11.2875","11.2725","","-0.09%"
"10/21/2021","11.2700","11.2800","11.2800","11.2800","","-0.13%"
"10/20/2021","11.2850","11.2800","11.3095","11.2800","","-0.21%"
"10/19/2021","11.3090","11.3050","11.3145","11.3000","","0.00%"
"10/18/2021","11.3090","11.3100","11.3145","11.3000","","0.17%"
"10/15/2021","11.2900","11.3200","11.3220","11.3050","","-0.09%"
"10/14/2021","11.3000","11.3050","11.3100","11.3050","","0.00%"
"10/13/2021","11.3000","11.3100","11.3100","11.3100","","-0.17%"
"10/12/2021","11.3190","11.3050","11.3195","11.3050","","0.26%"
"10/11/2021","11.2900","11.3175","11.3395","11.3050","","-0.27%"
"10/08/2021","11.3200","11.3225","11.3225","11.3050","","0.18%"
"10/07/2021","11.3000","11.3350","11.3395","11.3125","","-0.09%"
"10/06/2021","11.3100","11.3395","11.3395","11.3150","","0.00%"
"10/05/2021","11.3100","11.3250","11.3350","11.3250","","-0.18%"
"10/04/2021","11.3300","11.3350","11.3395","11.3250","","0.09%"
"10/01/2021","11.3200","11.3350","11.3350","11.3300","","-0.09%"
"09/30/2021","11.3300","11.3395","11.3395","11.3350","","0.00%"
"09/29/2021","11.3300","11.3350","11.3350","11.3350","","-0.08%"
"09/28/2021","11.3390","11.3350","11.3395","11.3350","","0.08%"
"09/27/2021","11.3300","11.3300","11.3350","11.3300","","0.00%"
"09/24/2021","11.3300","11.3350","11.3350","11.3350","","0.00%"
"09/23/2021","11.3300","11.3350","11.3350","11.3350","","0.00%"
"09/22/2021","11.3300","11.3395","11.3395","11.3300","","-0.08%"
"09/21/2021","11.3390","11.3300","11.3395","11.3300","","0.08%"
"09/20/2021","11.3300","11.3350","11.3350","11.3350","","-0.08%"
"09/17/2021","11.3390","11.3350","11.3395","11.3350","","0.17%"
"09/16/2021","11.3200","11.3200","11.3300","11.3300","","-0.09%"
"09/15/2021","11.3300","11.3395","11.3395","11.3350","","0.00%"
"09/14/2021","11.3300","11.3350","11.3395","11.3350","","0.00%"
"09/13/2021","11.3300","11.3395","11.3395","11.3350","","0.00%"
"09/10/2021","11.3300","11.3350","11.3350","11.3350","","0.00%"
"09/08/2021","11.3300","11.3350","11.3350","11.3350","","0.09%"
"09/07/2021","11.3200","11.3350","11.3350","11.3300","","-0.09%"
"09/06/2021","11.3300","11.3350","11.3395","11.3350","","-0.08%"
"09/03/2021","11.3390","11.3395","11.3395","11.3395","","0.08%"
"09/02/2021","11.3300","11.3395","11.3395","11.3350","","0.00%"
"09/01/2021","11.3300","11.3350","11.3350","11.3350","","-0.08%"
"08/31/2021","11.3390","11.4100","11.4195","11.3250","","-0.62%"
"08/30/2021","11.4100","11.4100","11.4150","11.3250","","0.00%"
"08/27/2021","11.4100","11.4100","11.4100","11.3250","","0.00%"
"08/26/2021","11.4100","11.4100","11.4100","11.3250","","0.00%"
"08/25/2021","11.4100","11.4100","11.4100","11.3250","","0.00%"
"08/24/2021","11.4100","11.4100","11.4100","11.3250","","0.00%"
"08/23/2021","11.4100","11.4100","11.4150","11.3250","","0.00%"
"08/20/2021","11.4100","11.4100","11.4100","11.3250","","0.00%"
"08/19/2021","11.4100","11.4100","11.4100","11.3250","","0.00%"
"08/18/2021","11.4100","11.4100","11.4100","11.3250","","0.00%"
"08/17/2021","11.4100","11.4050","11.4100","11.3250","","0.04%"
"08/16/2021","11.4050","11.4050","11.4150","11.3250","","0.00%"
"08/13/2021","11.4050","11.4050","11.4150","11.3250","","0.00%"
"08/12/2021","11.4050","11.4050","11.4150","11.3250","","0.00%"
"08/11/2021","11.4050","11.4050","11.4050","11.3250","","0.00%"
"08/10/2021","11.4050","11.4050","11.4150","11.3250","","0.00%"
"08/09/2021","11.4050","11.4050","11.4150","11.3250","","0.00%"
"08/06/2021","11.4050","11.4050","11.4050","11.4050","","0.00%"
"08/05/2021","11.4050","11.4050","11.4150","11.3250","","0.00%"
"08/04/2021","11.4050","11.4050","11.4050","11.3250","","0.00%"
"08/03/2021","11.4050","11.4050","11.4150","11.3250","","0.00%"
"08/02/2021","11.4050","11.4050","11.4050","11.3250","","0.00%"
"07/30/2021","11.4050","11.4050","11.4150","11.3250","","0.00%"
"07/29/2021","11.4050","11.4050","11.4150","11.3250","","0.00%"
"07/28/2021","11.4050","11.4050","11.4050","11.3250","","0.00%"
"07/27/2021","11.4050","11.4050","11.4150","11.3250","","0.00%"
"07/26/2021","11.4050","11.4050","11.4150","11.3250","","0.00%"
"07/23/2021","11.4050","11.4050","11.4150","11.3250","","0.00%"
"07/22/2021","11.4050","11.4050","11.4150","11.3250","","0.00%"
"07/21/2021","11.4050","11.4050","11.4150","11.3250","","0.00%"
"07/20/2021","11.4050","11.4050","11.4050","11.4050","","0.00%"
"07/19/2021","11.4050","11.4050","11.4150","11.3250","","0.00%"
"07/16/2021","11.4050","11.4050","11.4150","11.3250","","0.00%"
"07/15/2021","11.4050","11.4050","11.4050","11.3250","","0.00%"
"07/14/2021","11.4050","11.4050","11.4150","11.3250","","0.00%"
"07/13/2021","11.4050","11.4050","11.4150","11.3250","","0.00%"
"07/12/2021","11.4050","11.4050","11.4150","11.3250","","0.00%"
"07/09/2021","11.4050","11.4050","11.4150","11.3250","","0.00%"
"07/08/2021","11.4050","11.4050","11.4150","11.3250","","0.00%"
"07/07/2021","11.4050","11.4050","11.4050","11.4050","","0.00%"
"07/06/2021","11.4050","11.4050","11.4150","11.3250","","0.00%"
"07/05/2021","11.4050","11.4050","11.4150","11.3250","","0.00%"
"07/02/2021","11.4050","11.4050","11.4150","11.3250","","0.00%"
"07/01/2021","11.4050","11.4050","11.4150","11.3250","","0.00%"
"06/30/2021","11.4050","11.4050","11.4150","11.3250","","0.00%"
"06/29/2021","11.4050","11.4050","11.4150","11.3250","","0.00%"
"06/28/2021","11.4050","11.4050","11.4050","11.4050","","0.00%"
"06/25/2021","11.4050","11.4050","11.4150","11.3250","","0.00%"
"06/24/2021","11.4050","11.4050","11.4150","11.3250","","0.00%"
"06/23/2021","11.4050","11.4050","11.4150","11.3250","","0.00%"
"06/22/2021","11.4050","11.4050","11.4150","11.3250","","0.00%"
"06/21/2021","11.4050","11.4050","11.4150","11.3250","","0.00%"
"06/18/2021","11.4050","11.4050","11.4150","11.3250","","0.00%"
"06/17/2021","11.4050","11.4050","11.4150","11.3250","","0.00%"
"06/16/2021","11.4050","11.4050","11.4150","11.3250","","0.00%"
"06/15/2021","11.4050","11.4050","11.4150","11.3250","","0.00%"
"06/14/2021","11.4050","11.4050","11.4150","11.3250","","0.00%"
"06/11/2021","11.4050","11.4050","11.4150","11.3250","","0.00%"
"06/10/2021","11.4050","11.4050","11.4150","11.3250","","0.00%"
"06/09/2021","11.4050","11.3250","11.4150","11.3250","","0.00%"
"06/08/2021","11.4050","11.4050","11.4150","11.3250","","0.00%"
"06/07/2021","11.4050","11.4050","11.4150","11.3250","","0.00%"
"06/04/2021","11.4050","11.4050","11.4150","11.3250","","0.00%"
"06/03/2021","11.4050","11.4050","11.4150","11.3250","","0.00%"
"06/02/2021","11.4050","11.4050","11.4150","11.3250","","0.00%"
"06/01/2021","11.4050","11.3350","11.4150","11.3250","","0.66%"
"05/31/2021","11.3300","11.4050","11.4150","11.3250","","-0.66%"
"05/28/2021","11.4050","11.4050","11.4150","11.3250","","0.00%"
"05/27/2021","11.4050","11.4050","11.4150","11.3250","","0.00%"
"05/26/2021","11.4050","11.4050","11.4150","11.3250","","0.00%"
"05/25/2021","11.4050","11.4050","11.4150","11.3250","","0.00%"
"05/24/2021","11.4050","11.4050","11.4150","11.3250","","0.00%"
"05/21/2021","11.4050","11.4050","11.4150","11.3250","","0.00%"
"05/20/2021","11.4050","11.4050","11.4050","11.3250","","0.00%"
"05/19/2021","11.4050","11.4050","11.4175","11.3250","","0.00%"
"05/18/2021","11.4050","11.4050","11.4150","11.3250","","0.00%"
"05/17/2021","11.4050","11.4050","11.4150","11.3250","","0.00%"
"05/14/2021","11.4050","11.4050","11.4150","11.3250","","0.00%"
"05/13/2021","11.4050","11.4050","11.4050","11.4050","","0.00%"
"05/12/2021","11.4050","11.4050","11.4150","11.3250","","0.00%"
"05/11/2021","11.4050","11.4050","11.4150","11.3250","","0.00%"
"05/10/2021","11.4050","11.4050","11.4050","11.4050","","0.00%"
"05/07/2021","11.4050","11.4050","11.4150","11.3250","","0.00%"
"05/06/2021","11.4050","11.4050","11.4150","11.3250","","0.00%"
"05/05/2021","11.4050","11.4050","11.4150","11.3250","","0.00%"
"05/04/2021","11.4050","11.4050","11.4150","11.3250","","0.00%"
"05/03/2021","11.4050","11.4050","11.4150","11.3250","","0.00%"
"04/30/2021","11.4050","11.4050","11.4150","11.3250","","0.00%"
"04/29/2021","11.4050","11.4050","11.4175","11.3200","","0.00%"
"04/28/2021","11.4050","11.4050","11.4150","11.3250","","0.00%"
"04/27/2021","11.4050","11.4050","11.4050","11.3250","","0.00%"
"04/26/2021","11.4050","11.4020","11.4050","11.3220","","0.03%"
"04/23/2021","11.4020","11.4020","11.4020","11.4020","","0.00%"
"04/22/2021","11.4020","11.4020","11.4050","11.3220","","0.00%"
"04/21/2021","11.4020","11.4020","11.4150","11.3220","","0.00%"
"04/20/2021","11.4020","11.4020","11.4050","11.3220","","0.00%"
"04/19/2021","11.4020","11.4020","11.4050","11.3220","","0.00%"
"04/16/2021","11.4020","11.4020","11.4050","11.3220","","0.00%"
"04/15/2021","11.4020","11.4020","11.4050","11.2950","","0.00%"
"04/14/2021","11.4020","11.4020","11.4050","11.2950","","0.00%"
"04/13/2021","11.4020","11.4020","11.4020","11.3750","","0.00%"
"04/12/2021","11.4020","11.4020","11.4150","11.3220","","0.00%"
"04/09/2021","11.4020","11.4020","11.4150","11.3220","","0.00%"
"04/08/2021","11.4020","11.4020","11.4050","11.3220","","0.00%"
"04/07/2021","11.4020","11.4020","11.4175","11.3170","","0.00%"
"04/06/2021","11.4020","11.4020","11.4050","11.3220","","0.00%"
"04/05/2021","11.4020","11.4020","11.4050","11.3170","","0.00%"
"04/02/2021","11.4020","11.4020","11.4100","11.3170","","0.00%"
"04/01/2021","11.4020","11.4020","11.4050","11.3170","","0.00%"
"03/31/2021","11.4020","11.4000","11.4050","11.3150","","0.02%"
"03/30/2021","11.4000","11.4000","11.4000","11.4000","","0.00%"
"03/29/2021","11.4000","11.4000","11.4050","11.3150","","0.00%"
"03/26/2021","11.4000","11.3250","11.4100","11.3150","","0.00%"
"03/25/2021","11.4000","11.4000","11.4000","11.4000","","0.00%"
"03/24/2021","11.4000","11.4000","11.4000","11.4000","","0.00%"
"03/23/2021","11.4000","11.4000","11.4000","11.4000","","0.00%"
"03/22/2021","11.4000","11.4000","11.4000","11.4000","","0.00%"
"03/19/2021","11.4000","11.3950","11.4000","11.3100","","0.04%"
"03/18/2021","11.3950","11.3950","11.4000","11.3100","","0.00%"
"03/17/2021","11.3950","11.3950","11.4000","11.3100","","0.00%"
"03/16/2021","11.3950","11.3950","11.4100","11.3100","","0.00%"
"03/15/2021","11.3950","11.3950","11.3950","11.3950","","0.00%"
"03/12/2021","11.3950","11.3950","11.3950","11.3500","","0.00%"
"03/11/2021","11.3950","11.3950","11.4000","11.3100","","0.00%"
"03/10/2021","11.3950","11.3950","11.4000","11.3100","","0.00%"
"03/09/2021","11.3950","11.3950","11.4100","11.2650","","0.00%"
"03/08/2021","11.3950","11.3950","11.3950","11.3950","","0.00%"
"03/05/2021","11.3950","11.3950","11.4000","11.3100","","0.00%"
"03/04/2021","11.3950","11.3950","11.4000","11.3100","","0.00%"
"03/03/2021","11.3950","11.3950","11.4100","11.3100","","0.00%"
"03/02/2021","11.3950","11.3950","11.4000","11.3100","","0.00%"
"03/01/2021","11.3950","11.3950","11.4000","11.3100","","0.00%"
"02/26/2021","11.3950","11.3950","11.4100","11.3100","","0.00%"
"02/25/2021","11.3950","11.3950","11.4000","11.3100","","0.00%"
"02/24/2021","11.3950","11.3950","11.4100","11.3100","","0.00%"
"02/23/2021","11.3950","11.3950","11.4000","11.3100","","0.00%"
"02/22/2021","11.3950","11.3950","11.4000","11.3100","","0.00%"
"02/19/2021","11.3950","11.3950","11.4100","11.3100","","0.00%"
"02/18/2021","11.3950","11.3950","11.3950","11.2750","","0.00%"
"02/17/2021","11.3950","11.3950","11.4100","11.2650","","0.00%"
"02/16/2021","11.3950","11.3950","11.4000","11.2650","","0.00%"
"02/15/2021","11.3950","11.3950","11.4000","11.3100","","0.00%"
"02/12/2021","11.3950","11.3950","11.4100","11.3100","","0.00%"
"02/11/2021","11.3950","11.3950","11.4100","11.2900","","0.00%"
"02/10/2021","11.3950","11.3950","11.4000","11.2650","","0.00%"
"02/09/2021","11.3950","11.3950","11.3950","11.3000","","0.00%"
"02/08/2021","11.3950","11.3950","11.4000","11.2650","","0.00%"
"02/05/2021","11.3950","11.3950","11.4000","11.2650","","0.00%"
"02/04/2021","11.3950","11.3950","11.4000","11.2650","","0.00%"
"02/03/2021","11.3950","11.3950","11.4100","11.2900","","0.00%"
"02/02/2021","11.3950","11.3950","11.4000","11.2650","","0.00%"
"02/01/2021","11.3950","11.3950","11.4100","11.2650","","0.00%"
"01/29/2021","11.3950","11.3950","11.4000","11.2650","","0.00%"
"01/28/2021","11.3950","11.3950","11.4000","11.2900","","0.00%"
"01/27/2021","11.3950","11.3950","11.4000","11.2650","","0.00%"
"01/26/2021","11.3950","11.3950","11.4000","11.2900","","0.00%"
"01/25/2021","11.3950","11.3950","11.4000","11.2650","","0.00%"
"01/22/2021","11.3950","11.3950","11.4000","11.2650","","0.00%"
"01/21/2021","11.3950","11.3950","11.4050","11.2650","","0.00%"
"01/20/2021","11.3950","11.3950","11.4000","11.2650","","0.00%"
"01/19/2021","11.3950","11.3950","11.4100","11.2650","","0.00%"
"01/18/2021","11.3950","11.3950","11.3950","11.3950","","0.00%"
"01/15/2021","11.3950","11.3950","11.3950","11.3000","","0.00%"
"01/14/2021","11.3950","11.3950","11.4100","11.2650","","0.00%"
"01/13/2021","11.3950","11.3950","11.3950","11.3000","","0.00%"
"01/12/2021","11.3950","11.3950","11.4050","11.2900","","0.00%"
"01/11/2021","11.3950","11.3950","11.3950","11.3000","","0.00%"
"01/08/2021","11.3950","11.3950","11.3950","11.3000","","0.64%"
"01/04/2021","11.3223","11.3835","11.3835","11.3223","","-0.54%"
"01/01/2021","11.3835","11.3835","11.3835","11.3835","","0.52%"
"12/29/2020","11.3250","11.3275","11.3275","11.3275","","0.00%"
"12/25/2020","11.3250","11.3250","11.3275","11.3250","","0.00%"
"12/24/2020","11.3250","11.3100","11.3275","11.3100","","0.04%"
"12/22/2020","11.3200","11.3250","11.3250","11.3250","","0.18%"
"12/18/2020","11.3000","11.3250","11.3275","11.3100","","-0.22%"
"12/17/2020","11.3250","11.3275","11.3275","11.3275","","0.04%"
"12/15/2020","11.3200","11.3250","11.3250","11.3250","","-0.04%"
"12/14/2020","11.3250","11.3275","11.3275","11.3275","","0.00%"
"12/10/2020","11.3250","11.3250","11.3275","11.3250","","0.00%"
"12/07/2020","11.3250","11.3275","11.3275","11.3275","","0.04%"
"12/04/2020","11.3200","11.3250","11.3250","11.3250","","-0.04%"
"12/03/2020","11.3250","11.3250","11.3275","11.3250","","0.00%"
"12/02/2020","11.3250","11.3250","11.3275","11.3250","","0.04%"
"12/01/2020","11.3200","11.3250","11.3250","11.3250","","-0.04%"
"11/30/2020","11.3250","11.3275","11.3275","11.3275","","0.00%"
"11/27/2020","11.3250","11.3250","11.3275","11.3250","","0.00%"
"11/25/2020","11.3250","11.3275","11.3275","11.3275","","0.00%"
"11/24/2020","11.3250","11.3250","11.3275","11.3250","","0.00%"
"11/23/2020","11.3250","11.3250","11.3275","11.3250","","0.00%"
"11/20/2020","11.3250","11.3250","11.3275","11.3250","","0.00%"
"11/19/2020","11.3250","11.3250","11.3275","11.3250","","0.04%"
"11/18/2020","11.3200","11.3250","11.3275","11.3250","","-0.04%"
"11/17/2020","11.3250","11.3275","11.3275","11.3250","","0.04%"
"11/16/2020","11.3200","11.3250","11.3250","11.3250","","-0.04%"
"11/13/2020","11.3250","11.3250","11.3275","11.3250","","0.00%"
"11/12/2020","11.3250","11.3250","11.3275","11.3250","","0.04%"
"11/11/2020","11.3200","11.3250","11.3275","11.3250","","-0.04%"
"11/10/2020","11.3250","11.3275","11.3275","11.3275","","0.00%"
"11/09/2020","11.3250","11.3275","11.3375","11.3250","","0.00%"
"11/05/2020","11.3250","11.3275","11.3275","11.3275","","0.22%"
"11/04/2020","11.3000","10.3350","11.3150","10.3350","","9.39%"
"11/03/2020","10.3300","10.3475","10.3475","10.3200","","-0.05%"
"11/02/2020","10.3350","10.3500","10.3500","10.3500","","0.00%"
"10/30/2020","10.3350","10.3350","10.3475","10.3350","","0.00%"
"10/29/2020","10.3350","10.3350","10.3450","10.3350","","0.05%"
"10/28/2020","10.3300","10.3350","10.3400","10.3200","","-0.05%"
"10/27/2020","10.3350","10.3425","10.3450","10.3200","","0.05%"
"10/26/2020","10.3300","10.3200","10.3400","10.3200","","-0.06%"
"10/23/2020","10.3360","10.3465","10.3470","10.3200","","0.01%"
"10/22/2020","10.3350","10.3425","10.3450","10.3200","","0.05%"
"10/21/2020","10.3300","10.3350","10.3425","10.3200","","0.00%"
"10/20/2020","10.3300","10.3350","10.3400","10.3200","","0.00%"
"10/19/2020","10.3300","10.3350","10.3400","10.3200","","0.00%"
"10/16/2020","10.3300","10.3200","10.3400","10.3200","","0.00%"
"10/15/2020","10.3300","10.3200","10.3400","10.3200","","0.00%"
"10/14/2020","10.3300","10.3350","10.3400","10.3200","","0.00%"
"10/13/2020","10.3300","10.3200","10.3400","10.3200","","0.19%"
"10/12/2020","10.3100","10.3250","10.3250","10.3200","","-0.15%"
"10/09/2020","10.3250","10.3250","10.3350","10.3200","","0.05%"
"10/08/2020","10.3200","10.3200","10.3300","10.3200","","0.10%"
"10/07/2020","10.3100","10.3250","10.3250","10.2450","","0.00%"
"10/06/2020","10.3100","10.3300","10.3300","10.3200","","-0.10%"
"10/05/2020","10.3200","10.3200","10.3300","10.3200","","0.00%"
"10/02/2020","10.3200","10.3250","10.3300","10.3200","","0.00%"
"10/01/2020","10.3200","10.3300","10.3300","10.3250","","-0.05%"
"09/30/2020","10.3250","10.3250","10.3325","10.3200","","0.05%"
"09/29/2020","10.3200","10.3315","10.3325","10.3250","","0.00%"
"09/28/2020","10.3200","10.3250","10.3300","10.3200","","0.00%"
"09/25/2020","10.3200","10.3250","10.3300","10.3200","","0.00%"
"09/24/2020","10.3200","10.3250","10.3300","10.3200","","0.00%"
"09/23/2020","10.3200","10.3250","10.3300","10.3200","","0.00%"
"09/22/2020","10.3200","10.3315","10.3325","10.3200","","0.00%"
"09/21/2020","10.3200","10.3250","10.3300","10.3200","","0.00%"
"09/18/2020","10.3200","10.3250","10.3300","10.3200","","0.00%"
"09/17/2020","10.3200","10.3175","10.3300","10.3150","","0.10%"
"09/16/2020","10.3100","10.3200","10.3250","10.3200","","-0.13%"
"09/15/2020","10.3230","10.3315","10.3325","10.3200","","0.03%"
"09/14/2020","10.3200","10.3250","10.3300","10.3200","","0.00%"
"09/11/2020","10.3200","10.3200","10.3300","10.3200","","0.00%"
"09/10/2020","10.3200","10.3200","10.3325","10.3200","","0.00%"
"09/09/2020","10.3200","10.3300","10.3300","10.3300","","0.10%"
"09/08/2020","10.3100","10.3250","10.3250","10.3150","","-0.10%"
"09/07/2020","10.3200","10.3200","10.3250","10.3150","","0.05%"
"09/04/2020","10.3150","10.3150","10.3195","10.3150","","0.05%"
"09/03/2020","10.3100","10.3100","10.3175","10.3100","","-0.05%"
"09/02/2020","10.3150","10.3100","10.3175","10.3100","","0.15%"
"09/01/2020","10.3000","10.3175","10.3175","10.3100","","-0.15%"
"08/31/2020","10.3150","10.3150","10.3175","10.3100","","0.00%"
"08/28/2020","10.3150","10.3100","10.3175","10.3100","","0.00%"
"08/27/2020","10.3150","10.3150","10.3175","10.3100","","0.05%"
"08/26/2020","10.3100","10.3100","10.3175","10.3100","","0.00%"
"08/25/2020","10.3100","10.3150","10.3175","10.3100","","-0.05%"
"08/24/2020","10.3150","10.3150","10.3175","10.3150","","0.00%"
"08/21/2020","10.3150","10.3100","10.3175","10.3100","","0.00%"
"08/20/2020","10.3150","10.3150","10.3175","10.3100","","0.00%"
"08/19/2020","10.3150","10.3225","10.3250","10.3100","","0.00%"
"08/18/2020","10.3150","10.3225","10.3250","10.3100","","0.05%"
"08/17/2020","10.3100","10.3150","10.3225","10.3150","","0.00%"
"08/14/2020","10.3100","10.3150","10.3175","10.3100","","0.00%"
"08/13/2020","10.3100","10.3100","10.3225","10.3100","","0.05%"
"08/12/2020","10.3050","10.3150","10.3200","10.3100","","-0.05%"
"08/11/2020","10.3100","10.3150","10.3200","10.3100","","0.00%"
"08/10/2020","10.3100","10.3150","10.3200","10.3100","","0.05%"
"08/07/2020","10.3050","10.3155","10.3200","10.3100","","0.00%"
"08/06/2020","10.3050","10.3150","10.3175","10.3125","","0.00%"
"08/05/2020","10.3050","10.3150","10.3150","10.3125","","-0.05%"
"08/04/2020","10.3100","10.3150","10.3150","10.3100","","0.00%"
"08/03/2020","10.3100","10.3150","10.3250","10.3100","","0.05%"
"07/31/2020","10.3050","10.3165","10.3165","10.3150","","0.02%"
"07/30/2020","10.3030","10.3150","10.3190","10.3100","","-0.02%"
"07/29/2020","10.3050","10.3150","10.3175","10.3100","","0.05%"
"07/28/2020","10.3000","10.3150","10.3150","10.3100","","0.00%"
"07/27/2020","10.3000","10.3050","10.3150","10.3050","","0.00%"
"07/24/2020","10.3000","10.3050","10.3125","10.3000","","0.00%"
"07/23/2020","10.3000","10.3050","10.3125","10.3000","","0.00%"
"07/22/2020","10.3000","10.3050","10.3125","10.3000","","-0.03%"
"07/21/2020","10.3030","10.3115","10.3125","10.2950","","0.03%"
"07/20/2020","10.3000","10.3050","10.3125","10.3000","","0.00%"
"07/17/2020","10.3000","10.3115","10.3125","10.3000","","0.00%"
"07/16/2020","10.3000","10.3125","10.3125","10.3000","","0.00%"
"07/15/2020","10.3000","10.3050","10.3125","10.3000","","0.00%"
"07/14/2020","10.3000","10.3000","10.3125","10.3000","","0.00%"
"07/13/2020","10.3000","10.3050","10.3125","10.3000","","0.00%"
"07/10/2020","10.3000","10.3000","10.3125","10.3000","","0.00%"
"07/09/2020","10.3000","10.3000","10.3125","10.3000","","-0.03%"
"07/08/2020","10.3030","10.3000","10.3125","10.3000","","0.03%"
"07/07/2020","10.3000","10.3050","10.3125","10.2950","","0.00%"
"07/06/2020","10.3000","10.3000","10.3125","10.3000","","0.00%"
"07/03/2020","10.3000","10.3050","10.3125","10.3000","","-0.03%"
"07/02/2020","10.3030","10.3050","10.3125","10.3000","","0.03%"
"07/01/2020","10.3000","10.3050","10.3100","10.3000","","0.00%"
"06/30/2020","10.3000","10.3115","10.3125","10.3000","","0.00%"
"06/29/2020","10.3000","10.3050","10.3100","10.3050","","-0.05%"
"06/26/2020","10.3050","10.3050","10.3075","10.3050","","0.05%"
"06/25/2020","10.3000","10.3130","10.3130","10.3000","","0.00%"
"06/24/2020","10.3000","10.3050","10.3125","10.3050","","0.00%"
"06/23/2020","10.3000","10.3050","10.3125","10.3000","","0.00%"
"06/22/2020","10.3000","10.3050","10.3125","10.3000","","-0.03%"
"06/19/2020","10.3030","10.3115","10.3125","10.3000","","0.03%"
"06/18/2020","10.3000","10.3050","10.3150","10.3000","","0.00%"
"06/17/2020","10.3000","10.3050","10.3125","10.3000","","0.00%"
"06/16/2020","10.3000","10.3115","10.3150","10.2925","","0.00%"
"06/15/2020","10.3000","10.2850","10.3100","10.2800","","0.10%"
"06/12/2020","10.2900","10.2915","10.3000","10.2800","","0.10%"
"06/11/2020","10.2800","10.2915","10.2925","10.2750","","0.00%"
"06/10/2020","10.2800","10.2915","10.2950","10.2800","","0.00%"
"06/09/2020","10.2800","10.2885","10.2925","10.2800","","0.00%"
"06/08/2020","10.2800","10.2850","10.2925","10.2800","","0.10%"
"06/05/2020","10.2700","10.2815","10.2875","10.2725","","0.00%"
"06/04/2020","10.2700","10.2750","10.2950","10.2725","","-0.03%"
"06/03/2020","10.2730","10.2710","10.2815","10.2690","","0.13%"
"06/02/2020","10.2600","10.2750","10.2750","10.2475","","-0.02%"
"06/01/2020","10.2620","10.2600","10.2710","10.2475","","0.02%"
"05/29/2020","10.2600","10.2710","10.2710","10.2475","","0.00%"
"05/28/2020","10.2600","10.2690","10.2700","10.2475","","-0.02%"
"05/27/2020","10.2620","10.2710","10.2710","10.2475","","0.02%"
"05/26/2020","10.2600","10.2650","10.2700","10.2475","","-0.02%"
"05/22/2020","10.2620","10.2710","10.2710","10.2475","","0.02%"
"05/21/2020","10.2600","10.2710","10.2710","10.2475","","0.00%"
"05/20/2020","10.2600","10.2710","10.2710","10.2600","","0.00%"
"05/19/2020","10.2600","10.2710","10.2710","10.2475","","0.00%"
"05/18/2020","10.2600","10.2600","10.2700","10.2600","","0.00%"
"05/15/2020","10.2600","10.2710","10.2710","10.2475","","0.00%"
"05/14/2020","10.2600","10.2710","10.2710","10.2600","","0.00%"
"05/13/2020","10.2600","10.2710","10.2725","10.2600","","0.00%"
"05/12/2020","10.2600","10.2625","10.2700","10.2600","","0.00%"
"05/11/2020","10.2600","10.2650","10.2650","10.2650","","0.05%"
"05/08/2020","10.2550","10.2665","10.2675","10.2475","","0.00%"
"05/07/2020","10.2550","10.2450","10.2665","10.2450","","0.05%"
"05/06/2020","10.2500","10.2415","10.2550","10.2390","","0.14%"
"05/05/2020","10.2360","10.2450","10.2450","10.2390","","-0.02%"
"05/04/2020","10.2380","10.2450","10.2505","10.2400","","0.03%"
"05/01/2020","10.2350","10.2430","10.2505","10.2400","","0.00%"
"04/30/2020","10.2350","10.2450","10.2515","10.2400","","0.00%"
"04/29/2020","10.2350","10.2455","10.2505","10.2400","","-0.05%"
"04/28/2020","10.2400","10.2400","10.2515","10.2400","","-0.03%"
"04/27/2020","10.2430","10.2400","10.2505","10.2400","","0.07%"
"04/24/2020","10.2360","10.2450","10.2505","10.2400","","-0.04%"
"04/23/2020","10.2400","10.2515","10.2525","10.2395","","0.00%"
"04/22/2020","10.2400","10.2515","10.2515","10.2400","","0.00%"
"04/21/2020","10.2400","10.2400","10.2525","10.2400","","-0.03%"
"04/20/2020","10.2430","10.2450","10.2525","10.2400","","0.03%"
"04/17/2020","10.2400","10.2515","10.2525","10.2400","","0.00%"
"04/16/2020","10.2400","10.2515","10.2535","10.2400","","0.00%"
"04/15/2020","10.2400","10.2440","10.2500","10.2350","","0.00%"
"04/14/2020","10.2400","10.2415","10.2455","10.2300","","0.10%"
"04/13/2020","10.2300","10.2300","10.2400","10.2300","","0.00%"
"04/10/2020","10.2300","10.2355","10.2400","10.2300","","0.05%"
"04/09/2020","10.2250","10.2300","10.2375","10.2150","","0.05%"
"04/08/2020","10.2200","10.2350","10.2350","10.2300","","-0.01%"
"04/07/2020","10.2210","10.2150","10.2305","10.2100","","0.08%"
"04/06/2020","10.2130","10.2100","10.2215","10.2100","","0.05%"
"04/03/2020","10.2080","10.2100","10.2165","10.1950","","-0.05%"
"04/02/2020","10.2130","10.1950","10.2180","10.1950","","0.32%"
"04/01/2020","10.1800","10.2055","10.2080","10.1900","","-0.15%"
"03/31/2020","10.1950","10.1950","10.2050","10.1950","","0.05%"
"03/30/2020","10.1900","10.1950","10.2025","10.1950","","0.00%"
"03/27/2020","10.1900","10.1950","10.2000","10.1950","","-0.05%"
"03/26/2020","10.1950","10.2025","10.2050","10.2000","","0.05%"
"03/25/2020","10.1900","10.2000","10.2000","10.2000","","0.05%"
"03/24/2020","10.1850","10.1950","10.1950","10.1950","","-0.10%"
"03/23/2020","10.1950","10.2000","10.2025","10.1975","","4.60%"
"03/20/2020","9.7465","9.7465","9.7516","9.7400","","0.04%"
"03/19/2020","9.7430","9.7415","9.7516","9.7300","","0.10%"
"03/18/2020","9.7330","9.7365","9.7480","9.6950","","0.10%"
"03/17/2020","9.7230","9.7292","9.7376","9.7215","","-0.01%"
"03/16/2020","9.7242","9.7020","9.7300","9.6950","","0.12%"
"03/13/2020","9.7130","9.7010","9.7180","9.6900","","0.18%"
"03/12/2020","9.6960","9.6995","9.7020","9.6950","","0.00%"
"03/11/2020","9.6960","9.6810","9.7010","9.6800","","0.21%"
"03/10/2020","9.6760","9.6805","9.7000","9.6800","","-0.01%"
"03/09/2020","9.6770","9.6820","9.6820","9.6810","","0.00%"
"03/06/2020","9.6770","9.6810","9.6950","9.6800","","0.03%"
"03/05/2020","9.6740","9.6800","9.6950","9.6790","","-0.02%"
"03/04/2020","9.6760","9.6810","9.6950","9.6800","","-0.10%"
"03/03/2020","9.6860","9.6807","9.6950","9.6800","","0.10%"
"03/02/2020","9.6760","9.6800","9.6950","9.6800","","0.00%"
"02/28/2020","9.6760","9.6820","9.6950","9.6800","","-0.01%"
"02/27/2020","9.6770","9.6820","9.6950","9.6798","","0.00%"
"02/26/2020","9.6770","9.6968","9.6975","9.6800","","-0.15%"
"02/25/2020","9.6918","9.6969","9.6978","9.6897","","0.00%"
"02/24/2020","9.6919","9.6970","9.6970","9.6945","","0.00%"
"02/21/2020","9.6920","9.6927","9.6981","9.6905","","0.04%"
"02/20/2020","9.6877","9.6962","9.6962","9.6924","","-0.04%"
"02/19/2020","9.6912","9.6985","9.6985","9.6923","","0.00%"
"02/18/2020","9.6910","9.6975","9.6985","9.6900","","-0.02%"
"02/17/2020","9.6925","9.6966","9.6976","9.6897","","0.01%"
"02/14/2020","9.6916","9.6966","9.6966","9.6950","","0.00%"
"02/13/2020","9.6916","9.6965","9.6975","9.6947","","0.00%"
"02/12/2020","9.6915","9.6945","9.6965","9.6897","","0.02%"
"02/11/2020","9.6895","9.6940","9.6955","9.6890","","0.01%"
"02/10/2020","9.6890","9.6949","9.6950","9.6885","","-0.01%"
"02/07/2020","9.6899","9.6949","9.6950","9.6880","","0.00%"
"02/06/2020","9.6899","9.6949","9.6950","9.6915","","0.00%"
"02/05/2020","9.6899","9.6978","9.6978","9.6885","","-0.03%"
"02/04/2020","9.6928","9.6978","9.6995","9.6885","","0.00%"
"02/03/2020","9.6928","9.6940","9.6978","9.6890","","0.04%"
"01/31/2020","9.6890","9.6970","9.6981","9.6885","","0.02%"
"01/30/2020","9.6875","9.6971","9.6971","9.6885","","-0.03%"
"01/29/2020","9.6905","9.6948","9.6971","9.6880","","0.01%"
"01/28/2020","9.6898","9.6962","9.6980","9.6882","","-0.02%"
"01/27/2020","9.6920","9.6948","9.6970","9.6889","","0.02%"
"01/24/2020","9.6898","9.6948","9.6958","9.6880","","0.00%"
"01/23/2020","9.6898","9.6928","9.6958","9.6889","","0.02%"
"01/22/2020","9.6878","9.6928","9.6965","9.6884","","0.00%"
"01/21/2020","9.6878","9.6948","9.6950","9.6889","","-0.02%"
"01/20/2020","9.6898","9.6938","9.6950","9.6888","","0.00%"
"01/17/2020","9.6897","9.6966","9.6975","9.6894","","-0.02%"
"01/16/2020","9.6916","9.6933","9.6976","9.6900","","0.06%"
"01/15/2020","9.6860","9.6910","9.6947","9.6870","","-0.04%"
"01/14/2020","9.6894","9.6962","9.6967","9.6885","","-0.02%"
"01/13/2020","9.6912","9.6981","9.6981","9.6880","","0.04%"
"01/10/2020","9.6875","9.6900","9.6982","9.6885","","-0.03%"
"01/09/2020","9.6900","9.6973","9.6983","9.6890","","-0.02%"
"01/08/2020","9.6923","9.6962","9.6983","9.6890","","-0.01%"
"01/07/2020","9.6933","9.6980","9.6983","9.6900","","0.00%"
"01/06/2020","9.6930","9.6965","9.6980","9.6900","","0.06%"
"01/03/2020","9.6870","9.6913","9.6965","9.6865","","0.01%"
"01/02/2020","9.6863","9.6930","9.6950","9.6865","","-0.02%"
"01/01/2020","9.6880","9.6930","9.6930","9.6930","","0.00%"